扩展名,用途,变种,出处
iso,"光盘/磁盘镜像文件, ISO 9660 文件系统完整副本","iso9660, joliet, rock-ridge, hybrid",https://en.wikipedia.org/wiki/ISO_9660
img,"原始磁盘/软盘镜像文件, 包含完整扇区数据","raw, dd, floppy, hdd",https://en.wikipedia.org/wiki/IMG_(file_format)
bin,"二进制原始镜像文件, 通常与 cue 描述符配对 / 二进制原始数据(通用)","bin, cd-mode1, cd-mode2, raw binary",https://en.wikipedia.org/wiki/BIN/CUE
cue,"CD 镜像描述符文件, 描述 .bin 文件的轨道布局","CD-DA, CD-ROM, mixed",https://en.wikipedia.org/wiki/BIN/CUE
nrg,Nero Burning ROM 创建的光盘镜像格式,"Nero v1/v2, encrypted",https://en.wikipedia.org/wiki/NRG_(file_format)
mdf,Alcohol 120% 创建的光盘镜像格式 / SQL Server 主数据文件,"MDF v1/v2, PRIMARY data file, with .mds",https://en.wikipedia.org/wiki/Media_Descriptor_File
mds,"Alcohol 120% 镜像描述符文件, 配合 .mdf",MDS v1/v2,https://en.wikipedia.org/wiki/Media_Descriptor_File
ccd,"CloneCD 镜像描述文件, 配合 .img/.sub",CCD v2/v3,https://en.wikipedia.org/wiki/CloneCD
dmg,"Apple 磁盘镜像, macOS 原生格式","UDIF, UDRO, UDCO, UDZO, UDBZ, ULFO, LZFSE",https://en.wikipedia.org/wiki/Apple_Disk_Image
cdr,macOS 刻录光盘镜像,"CDR, CDRW",https://en.wikipedia.org/wiki/Apple_Disk_Image
smi,Nero 镜像文件,SMI v1,https://www.fileinfo.com/extension/smi
adf,"Amiga 磁盘文件格式, 880KB DD 软盘镜像","OFS, FFS, OFS-FFS, DOS",https://en.wikipedia.org/wiki/Amiga_Disk_File
d64,"Commodore 64 软盘镜像, 174KB 5.25"" 单面","d64, d71, d81",https://en.wikipedia.org/wiki/D64
d71,Commodore 64/71 双面软盘镜像,d71,https://en.wikipedia.org/wiki/D64
d81,"Commodore 64/128 3.5"" 磁盘镜像, 800KB",d81,https://en.wikipedia.org/wiki/D81
tap,"Commodore 磁带镜像文件, 顺序字节流","tap v0/v1, turbo loader",https://en.wikipedia.org/wiki/TAP_(file_format)
t64,Commodore 64 磁带档案格式,t64 v1/v2,https://en.wikipedia.org/wiki/T64
prg,Commodore 可执行程序文件,"PRG, USR",https://en.wikipedia.org/wiki/.prg
p00,Commodore PC-20 档案格式,p00,https://en.wikipedia.org/wiki/P00
dsk,"通用磁盘镜像, Apple/CPC 等","DOS, ProDOS, CPC",https://en.wikipedia.org/wiki/Disk_image
ima,"软盘原始镜像, 常见于 WinImage/DOSBox","raw, compressed imz",https://www.fileinfo.com/extension/ima
imz,"压缩软盘镜像, WinImage 格式",imz (zlib),https://www.fileinfo.com/extension/imz
vhd,"Microsoft 虚拟硬盘, 早期 Hyper-V/Virtual PC 格式","fixed, dynamic, differencing",https://en.wikipedia.org/wiki/VHD_(file_format)
vhdx,"Microsoft 虚拟硬盘 v2, 替换 VHD, 最大 64TB","fixed, dynamic, differencing",https://en.wikipedia.org/wiki/VHD_(file_format)
vmdk,VMware 虚拟磁盘格式,"monolithic, split, growable, sparse",https://en.wikipedia.org/wiki/VMDK
vdi,VirtualBox 虚拟磁盘镜像,"dynamic, fixed",https://en.wikipedia.org/wiki/VirtualBox#VirtualBox_Disk_Image
qcow,QEMU Copy-On-Write 镜像 v1,qcow v1,https://en.wikipedia.org/wiki/Qcow
qcow2,"QEMU Copy-On-Write 镜像 v2, 支持快照/加密",qcow2 v2/v3,https://en.wikipedia.org/wiki/Qcow
qed,QEMU Enhanced Disk 格式,qed,https://en.wikipedia.org/wiki/QEMU
vpc,Connectix/Microsoft Virtual PC 虚拟硬盘,VHD variant,https://en.wikipedia.org/wiki/Virtual_PC
avhd,Hyper-V 差分虚拟硬盘(自动),differencing,https://en.wikipedia.org/wiki/VHD_(file_format)
avhdx,Hyper-V 差分虚拟硬盘 v2(自动),differencing,https://en.wikipedia.org/wiki/VHD_(file_format)
vmem,VMware 虚拟机内存转储,raw memory,https://www.fileinfo.com/extension/vmem
vswp,VMware 虚拟机交换文件,swap,https://www.fileinfo.com/extension/vswp
raw,"原始磁盘镜像, 无结构字节流","raw, dd",https://en.wikipedia.org/wiki/Raw_image_format
wim,"Windows Imaging Format, 用于 Windows 部署","wim v1/v2, split swm",https://en.wikipedia.org/wiki/Windows_Imaging_Format
esd,"Windows Electronic Software Download, 加密/压缩 WIM",esd (LZMS),https://en.wikipedia.org/wiki/Windows_Imaging_Format
swm,"Split Windows Imaging 格式, 多卷 WIM",swm,https://en.wikipedia.org/wiki/Windows_Imaging_Format
pst,"Microsoft Outlook 个人文件夹, 邮件/日历/联系人存储",pst 97/2002/2003/2007/2010/2013/2016/2019,https://en.wikipedia.org/wiki/Personal_Storage_Table
ost,"Microsoft Outlook 离线文件夹, IMAP/Exchange 缓存",ost 97-2019,https://en.wikipedia.org/wiki/Offline_Storage_Table
edb,"Microsoft Exchange 数据库, Extensible Storage Engine","edb, ese",https://en.wikipedia.org/wiki/Extensible_Storage_Engine
dbx,Outlook Express 邮件数据库 / dBase/Outlook Express 数据库,"DBX index, dbx v1/v2",https://en.wikipedia.org/wiki/Outlook_Express
mbx,"Mbox 格式邮箱文件, 标准 Unix 邮件存储","mbx, mboxo, mboxrd, mboxcl2",https://en.wikipedia.org/wiki/Mbox
mbox,"Unix 标准邮箱文件, From 分隔多封邮件","mbox, mboxo, mboxrd",https://en.wikipedia.org/wiki/Mbox
nsf,Lotus Notes/Domino 数据库,nsf 1-8,https://en.wikipedia.org/wiki/Notes_Storage_Facility
nsf2,Lotus Notes 数据库 v2 (罕见),nsf2,https://en.wikipedia.org/wiki/Notes_Storage_Facility
nsf3,Lotus Notes 数据库 v3 (罕见),nsf3,https://en.wikipedia.org/wiki/Notes_Storage_Facility
nsf4,Lotus Notes 数据库 v4 (罕见),nsf4,https://en.wikipedia.org/wiki/Notes_Storage_Facility
nsf5,Lotus Notes 数据库 v5,nsf5,https://en.wikipedia.org/wiki/Notes_Storage_Facility
db,通用数据库文件扩展名 (SQLite/Jet/Paradox 等),depends on container,https://en.wikipedia.org/wiki/Database
accdb,Microsoft Access 2007+ 数据库,accdb 2007/2010/2013/2016/2019/365,https://en.wikipedia.org/wiki/Microsoft_Access
mdb,Microsoft Access 2003 及更早数据库 (Jet 引擎),"Jet 3/4, Access 97-2003",https://en.wikipedia.org/wiki/Microsoft_Access
mde,Microsoft Access 编译执行文件 (旧),MDE 2000-2003,https://en.wikipedia.org/wiki/Microsoft_Access
accde,Microsoft Access 编译执行文件 (2007+),ACCDE 2007+,https://en.wikipedia.org/wiki/Microsoft_Access
accdt,Microsoft Access 模板,ACCDE template,https://en.wikipedia.org/wiki/Microsoft_Access
accdr,Microsoft Access 运行时模式,ACCDE runtime,https://en.wikipedia.org/wiki/Microsoft_Access
adp,"Microsoft Access Data Project, 连接到 SQL Server",ADP 2000-2007,https://en.wikipedia.org/wiki/Microsoft_Access
ade,Microsoft Access Data Project 编译版,ADE 2000-2007,https://en.wikipedia.org/wiki/Microsoft_Access
ext2,"Linux Extended File System v2, 无日志",ext2,https://en.wikipedia.org/wiki/Ext2
ext3,"Linux Extended File System v3, 加日志","ext3, journal",https://en.wikipedia.org/wiki/Ext3
ext4,"Linux Extended File System v4, extent + 多块","ext4, extents, 1ExB",https://en.wikipedia.org/wiki/Ext4
xfs,SGI 高性能 64-bit 日志文件系统,xfs v5/v6/v7,https://en.wikipedia.org/wiki/XFS
btrfs,"B-tree 文件系统, 支持 CoW/快照/子卷",btrfs,https://en.wikipedia.org/wiki/Btrfs
zfs,"Sun ZFS, 128-bit CoW 文件系统","zfs, lz4, zstd, gzip",https://en.wikipedia.org/wiki/ZFS
reiserfs,"Reiser 文件系统 v3, 平衡树",reiserfs v3.6,https://en.wikipedia.org/wiki/ReiserFS
reiser4,"Reiser 文件系统 v4, 插件化",reiser4,https://en.wikipedia.org/wiki/Reiser4
jfs,IBM Journaled File System v1/v2,jfs v1/v2,https://en.wikipedia.org/wiki/JFS_(file_system)
f2fs,"Flash-Friendly File System, 三星为 NAND 设计",f2fs,https://en.wikipedia.org/wiki/F2FS
nilfs2,NILFS2 持续快照日志结构 FS,nilfs2,https://en.wikipedia.org/wiki/NILFS
ntfs,"Windows NT File System, NT 5.0+",ntfs 3.0/3.1/3.1+,https://en.wikipedia.org/wiki/NTFS
fat,File Allocation Table 通用文件系统,FAT12/16/32/exFAT,https://en.wikipedia.org/wiki/File_Allocation_Table
fat12,"12-bit FAT, 用于小容量软盘",FAT12,https://en.wikipedia.org/wiki/File_Allocation_Table
fat16,"16-bit FAT, MS-DOS 主流","FAT16, FAT16B",https://en.wikipedia.org/wiki/File_Allocation_Table
fat32,"32-bit FAT, 单文件最大 4GB",FAT32,https://en.wikipedia.org/wiki/File_Allocation_Table
exfat,"Extended FAT, 闪存优化, 4GB+ 单文件",exFAT,https://en.wikipedia.org/wiki/ExFAT
hfs,"Hierarchical File System, 经典 Mac","HFS, HFS standard",https://en.wikipedia.org/wiki/Hierarchical_File_System
hfs+,"HFS Plus, macOS 主要 FS (1998-2017)","HFS+, HFS Plus",https://en.wikipedia.org/wiki/HFS_Plus
hfsx,"HFSX, 大小写敏感分支",HFSX,https://en.wikipedia.org/wiki/HFS_Plus
apfs,"Apple File System, 2017 起 macOS/iOS 主 FS","APFS, APFS encrypted",https://en.wikipedia.org/wiki/Apple_File_System
refs,"Resilient File System, Windows Server 2012+",ReFS v1/v3,https://en.wikipedia.org/wiki/ReFS
swap,Linux 交换分区,"swap, swapfile",https://en.wikipedia.org/wiki/Memory_paging
bak,通用备份文件扩展名,"bak, bak1-9",https://en.wikipedia.org/wiki/.bak
old,前一个版本备份,old,https://en.wikipedia.org/wiki/.bak
sav,保存/备份文件(游戏/应用) / IBM SPSS Statistics 数据文件,"sav, zsav",https://en.wikipedia.org/wiki/Saved_game
swp,Vi/Vim 交换文件,"swp, .swp",https://en.wikipedia.org/wiki/Vim_(text_editor)
swo,Vi/Vim 撤销合并文件,swo,https://en.wikipedia.org/wiki/Vim_(text_editor)
gho,Symantec/Norton Ghost 磁盘镜像,GHO v1/v2,https://en.wikipedia.org/wiki/Ghost_(software)
ghost,Ghost 备份脚本/状态,ghost,https://en.wikipedia.org/wiki/Ghost_(software)
tib,Acronis True Image 备份,"TIB, TIBX",https://en.wikipedia.org/wiki/Acronis_True_Image
vbk,Veeam 备份文件,"VBK, VBR",https://en.wikipedia.org/wiki/Veeam
vib,Veeam 增量备份元数据,VIB,https://en.wikipedia.org/wiki/Veeam
vbm,Veeam 备份元数据,VBM,https://en.wikipedia.org/wiki/Veeam
vrb,Veeam 逆增量,VRB,https://en.wikipedia.org/wiki/Veeam
fbk,FileMaker 备份/或 fzf 索引,FBK,https://en.wikipedia.org/wiki/FileMaker
log,通用日志文件,"plaintext, structured",https://en.wikipedia.org/wiki/Log_file
syslog,Syslog 系统日志,syslog RFC 5424,https://en.wikipedia.org/wiki/Syslog
dmesg,Linux 内核环形缓冲区日志,kernel ring buffer,https://en.wikipedia.org/wiki/Dmesg
kern.log,Debian/Ubuntu 内核日志文件,kern.log,https://en.wikipedia.org/wiki/Syslog
auth.log,Linux 认证日志,auth.log,https://en.wikipedia.org/wiki/Syslog
secure,RHEL/CentOS 认证日志,secure,https://en.wikipedia.org/wiki/Syslog
wtmp,Linux 登录记录二进制,wtmp,https://en.wikipedia.org/wiki/Utmp
btmp,Linux 失败登录记录二进制,btmp,https://en.wikipedia.org/wiki/Utmp
lastlog,Linux 上次登录记录,lastlog,https://en.wikipedia.org/wiki/Utmp
dmp,Windows 进程内存转储/通用 dump / Oracle 数据库转储文件,"expdp dump, full dump, full exp, minidump",https://en.wikipedia.org/wiki/Memory_dump
mdmp,Windows 64-bit minidump,minidump64,https://learn.microsoft.com/en-us/windows/win32/debug/minidump_directory
hdmp,Windows heap dump,heap dump,https://en.wikipedia.org/wiki/Memory_dump
minidmp,Windows minidump 目录后缀,minidump,https://learn.microsoft.com/en-us/windows/win32/debug/minidump_directory
mem,原始内存导出文件,raw memory,https://en.wikipedia.org/wiki/Memory_dump
vmcore,Linux 内核崩溃转储,"ELF vmcore, kdump",https://en.wikipedia.org/wiki/Kdump
crashdump,通用崩溃转储,crash dump,https://en.wikipedia.org/wiki/Core_dump
livekd,Live Kernel Dump 调试格式,livekd,https://learn.microsoft.com/en-us/sysinternals/downloads/livekd
hiberfil.sys,"Windows 休眠文件, 含 RAM 内容",hiberfil,https://en.wikipedia.org/wiki/Hibernation_(computing)
pagefile.sys,"Windows 页面文件, 虚拟内存交换",pagefile,https://en.wikipedia.org/wiki/Paging
swapfile.sys,Windows 8+ Metro 应用 swapfile,swapfile,https://en.wikipedia.org/wiki/Paging
sqlite,SQLite 关系数据库,sqlite 3.x,https://en.wikipedia.org/wiki/SQLite
sqlite3,SQLite 3 数据库文件,sqlite3,https://en.wikipedia.org/wiki/SQLite
sqlitedb,SQLite 数据库常见扩展名(macOS),sqlite3,https://en.wikipedia.org/wiki/SQLite
ndf,SQL Server 次要数据文件,SECONDARY data file,https://en.wikipedia.org/wiki/Microsoft_SQL_Server
ldf,SQL Server 事务日志文件,transaction log,https://en.wikipedia.org/wiki/Microsoft_SQL_Server
dbf,dBase/FoxPro/Clipper 数据库表,"dBASE III/IV/V/7, FoxPro, Visual",https://en.wikipedia.org/wiki/DBF
frm,MySQL FRM 表定义 + InnoDB 数据字典,MySQL 5.6-,https://en.wikipedia.org/wiki/MySQL
myd,MySQL MyISAM 数据文件,MyISAM data,https://en.wikipedia.org/wiki/MyISAM
myi,MySQL MyISAM 索引文件,MyISAM index,https://en.wikipedia.org/wiki/MyISAM
ibd,MySQL InnoDB 单表文件,InnoDB tablespace,https://en.wikipedia.org/wiki/InnoDB
ibdata1,MySQL InnoDB 系统表空间,system tablespace,https://en.wikipedia.org/wiki/InnoDB
pgdata,PostgreSQL 默认表空间目录,"base, global, pg_wal",https://en.wikipedia.org/wiki/PostgreSQL
postgres,PostgreSQL 数据库集群目录,PGDATA,https://en.wikipedia.org/wiki/PostgreSQL
postgresql,PostgreSQL 数据目录标识,PGDATA,https://en.wikipedia.org/wiki/PostgreSQL
cdx,Visual FoxPro 复合索引,CDX structural/standalone,https://en.wikipedia.org/wiki/Visual_FoxPro
fpt,FoxPro 备注字段,FPT memo,https://en.wikipedia.org/wiki/Visual_FoxPro
scx,FoxPro 表单,SCX,https://en.wikipedia.org/wiki/Visual_FoxPro
vct,FoxPro Visual class library,VCT,https://en.wikipedia.org/wiki/Visual_FoxPro
dbt,dBase 备注,DBT memo,https://en.wikipedia.org/wiki/DBF
wk1,Lotus 1-2-3 v1.0 工作表,wk1,https://en.wikipedia.org/wiki/Lotus_1-2-3
wk2,Lotus 1-2-3 v2.0 工作表,wk2,https://en.wikipedia.org/wiki/Lotus_1-2-3
wk3,Lotus 1-2-3 v3.0 工作表,wk3,https://en.wikipedia.org/wiki/Lotus_1-2-3
wk4,Lotus 1-2-3 v4.0 工作表,wk4,https://en.wikipedia.org/wiki/Lotus_1-2-3
wks,Lotus 1-2-3 v1.0 早期工作表,wks,https://en.wikipedia.org/wiki/Lotus_1-2-3
123,Lotus 1-2-3 工作表常见扩展,Lotus,https://en.wikipedia.org/wiki/Lotus_1-2-3
pickle,Python pickle 序列化对象(任意数据),protocol 0-5,https://docs.python.org/3/library/pickle.html
dat,"通用二进制数据, Cache 也用",various,https://en.wikipedia.org/wiki/Data_file
cpf,IBM Cognos/IRIS 配置文件或 Cache CPF,CPF,https://www.fileinfo.com/extension/cpf
csp,Cache Server Pages 或编译脚本,csp,https://www.fileinfo.com/extension/csp
hfile,HBase HFile 持久化格式,HFile v1/v2/v3,https://en.wikipedia.org/wiki/Apache_HBase
hlog,HBase WAL 日志文件,WAL,https://en.wikipedia.org/wiki/Apache_HBase
delta,"Delta Lake 增量格式, Parquet + 事务日志",delta 1.x/2.x,https://en.wikipedia.org/wiki/Delta_Lake
delta_log,Delta Lake 事务日志目录,_delta_log/,https://en.wikipedia.org/wiki/Delta_Lake
rpt,Crystal Reports 或 SSRS 报表定义,rpt,https://en.wikipedia.org/wiki/Crystal_Reports
rdl,SQL Server Reporting Services 报表定义语言,RDL 2003/2010,https://learn.microsoft.com/en-us/sql/reporting-services/reports/report-definition-language-ssrs
rdlc,RDL 客户端定义,RDLC,https://learn.microsoft.com/en-us/sql/reporting-services/reports/report-definition-language-ssrs
json,"JavaScript Object Notation, 人类可读数据交换格式","JSON, JSON5, NDJSON, JSONC",https://en.wikipedia.org/wiki/JSON
bson,"Binary JSON, MongoDB 文档存储格式",BSON,https://en.wikipedia.org/wiki/BSON
cbor,"Concise Binary Object Representation, RFC 8949","CBOR, CWT",https://en.wikipedia.org/wiki/CBOR
msgpack,MessagePack 二进制序列化,msgpack v5,https://en.wikipedia.org/wiki/MessagePack
yaml,"YAML Ain't Markup Language, 数据序列化","YAML 1.1, 1.2",https://en.wikipedia.org/wiki/YAML
yml,YAML 常见替代扩展名,YAML 1.1/1.2,https://en.wikipedia.org/wiki/YAML
xml,Extensible Markup Language,XML 1.0/1.1,https://en.wikipedia.org/wiki/XML
avro,Apache Avro 数据序列化,"Avro IDL, JSON schema",https://en.wikipedia.org/wiki/Apache_Avro
parquet,"Apache Parquet 列式存储, 大数据分析",Parquet v1/v2,https://en.wikipedia.org/wiki/Apache_Parquet
orc,"Optimized Row Columnar, Hive/Hadoop 列式格式",ORC v0/v1/v2,https://en.wikipedia.org/wiki/Apache_ORC
rc,Recycle Bin 内部 rc(原始文件存储)或 Carbon/R/Cipher 配置 / Metasploit 资源脚本,"batch, rc",https://www.fileinfo.com/extension/rc
rcfile,"Record Columnar File, Hive 列式格式",RCFile,https://cwiki.apache.org/confluence/display/Hive/RCFile
arrow,"Apache Arrow 内存/磁盘格式, 列式零拷贝","Arrow IPC, Feather",https://en.wikipedia.org/wiki/Apache_Arrow
feather,"Apache Feather v1/v2, Arrow 数据交换格式",feather v1/v2,https://en.wikipedia.org/wiki/Apache_Arrow
tsdb,通用时序数据库文件或 OpenTSDB TSDB,TSDB,https://en.wikipedia.org/wiki/OpenTSDB
influxdb,InfluxDB 引擎文件 TSM/TSI,"TSM, TSI",https://en.wikipedia.org/wiki/InfluxDB
berkeleydb,Berkeley DB 文件,"BDB, db, db4, db5",https://en.wikipedia.org/wiki/Berkeley_DB
bdb,Berkeley DB 常见扩展,BDB,https://en.wikipedia.org/wiki/Berkeley_DB
gdbm,GNU dbm 键值存储,gdbm,https://en.wikipedia.org/wiki/GDBM
leveldb,Google LevelDB 键值存储,"ldb, log, MANIFEST",https://en.wikipedia.org/wiki/LevelDB
ldb,"LevelDB SST 文件, 或 LDAP 数据库","ldb, sst",https://en.wikipedia.org/wiki/LevelDB
rocksdb,"Facebook RocksDB 键值存储, LSM 树","sst, log, manifest",https://en.wikipedia.org/wiki/RocksDB
sst,"Sorted String Table, RocksDB/LevelDB/Cassandra",SST v1/v2,https://en.wikipedia.org/wiki/RocksDB
manifest,LSM 树 manifest 文件,MANIFEST,https://en.wikipedia.org/wiki/Log-structured_merge-tree
rdb,Redis 数据库快照文件,RDB v1-v11,https://en.wikipedia.org/wiki/Redis
aof,"Redis Append-Only File, 增量持久化","AOF, RDB+AOF",https://en.wikipedia.org/wiki/Redis
neo4j,Neo4j 图数据库存储,neo4j-store,https://en.wikipedia.org/wiki/Neo4j
graphdb,通用图数据库存储,graphdb,https://en.wikipedia.org/wiki/Graph_database
faiss,Facebook AI Similarity Search 向量索引,"faiss index, IVF, HNSW",https://github.com/facebookresearch/faiss/wiki
hnsw,Hierarchical Navigable Small World 索引,hnswlib,https://en.wikipedia.org/wiki/Hierarchical_navigable_small_world
annoy,Spotify Approximate Nearest Neighbors,ann index,https://github.com/spotify/annoy
lancedb,Lance 列式向量数据库,lance,https://lancedb.github.io/lance/
milvus,Milvus 向量数据库文件,milvus,https://milvus.io/docs
qdrant,Qdrant 向量数据库,qdrant,https://qdrant.tech/documentation/
weaviate,Weaviate 向量数据库,weaviate,https://weaviate.io/developers/weaviate
chromadb,ChromaDB 向量数据库文件,chroma,https://docs.trychroma.com/
elasticsearch,Elasticsearch 索引分片文件,"_index, segments",https://en.wikipedia.org/wiki/Elasticsearch
solr,Apache Solr 索引目录,Solr core,https://en.wikipedia.org/wiki/Apache_Solr
lucene,Apache Lucene 倒排索引,lucene segments,https://en.wikipedia.org/wiki/Apache_Lucene
lmdb,Lightning Memory-Mapped Database,"lmdb, mdb",https://en.wikipedia.org/wiki/Lightning_Memory-Mapped_Database
couchdb,Apache CouchDB 数据库文件,couchdb,https://en.wikipedia.org/wiki/Apache_CouchDB
mongodb,MongoDB WiredTiger 数据文件,"wt, BSON",https://en.wikipedia.org/wiki/MongoDB
cassandra,Apache Cassandra SSTable 数据文件,"SSTable, .db",https://en.wikipedia.org/wiki/Apache_Cassandra
riak,Riak KV 键值数据库,LevelDB/S2,https://en.wikipedia.org/wiki/Riak
exp,Oracle Export 转储文件,"exp, expdp",https://en.wikipedia.org/wiki/Oracle_Database
project,Eclipse CDT/其他 IDE 项目文件,"project, cproject",https://en.wikipedia.org/wiki/Eclipse_(software)
classpath,Eclipse Java 类路径定义,.classpath,https://en.wikipedia.org/wiki/Eclipse_(software)
factorypath,Eclipse 注解处理器路径,.factorypath,https://en.wikipedia.org/wiki/Eclipse_(software)
prefs,Eclipse 工作区/项目偏好,.prefs,https://en.wikipedia.org/wiki/Eclipse_(software)
properties,Java 配置文件 (.properties),java.util.Properties,https://en.wikipedia.org/wiki/.properties
iml,IntelliJ IDEA 模块文件,iml v0/v1/v2,https://www.jetbrains.com/help/idea/modules.html
iws,IntelliJ 工作区状态(已弃用),iws,https://www.jetbrains.com/help/idea/
ipr,IntelliJ 项目文件(已弃用),ipr,https://www.jetbrains.com/help/idea/
idea,IntelliJ 工作区配置目录/文件,.idea/,https://www.jetbrains.com/help/idea/
misc,IntelliJ misc.xml 文件,misc,https://www.jetbrains.com/help/idea/
enc,IntelliJ 加密密钥文件 (.enc.xml),encrypted,https://www.jetbrains.com/help/idea/
modules,IntelliJ modules.xml 或 modules 目录,modules,https://www.jetbrains.com/help/idea/
sln,Visual Studio 解决方案文件,sln,https://en.wikipedia.org/wiki/Visual_Studio
suo,Visual Studio 用户选项(旧),suo,https://en.wikipedia.org/wiki/Visual_Studio
csproj,.NET C# 项目文件,csproj SDK-style/legacy,https://en.wikipedia.org/wiki/.NET_Project
vbproj,.NET Visual Basic 项目文件,vbproj,https://en.wikipedia.org/wiki/.NET_Project
fsproj,.NET F# 项目文件,fsproj,https://en.wikipedia.org/wiki/.NET_Project
vcxproj,Visual Studio C++ 项目文件,vcxproj,https://en.wikipedia.org/wiki/Visual_Studio
user,VS 用户文件 (csproj.user),user,https://en.wikipedia.org/wiki/Visual_Studio
filters,Visual C++ filters 文件,filters,https://en.wikipedia.org/wiki/Visual_Studio
sdf,SQL Server Compact DB / VS IntelliSense DB,sdf,https://en.wikipedia.org/wiki/SQL_Server_Compact
ipch,Visual C++ IntelliSense 预编译头,ipch,https://en.wikipedia.org/wiki/Visual_Studio
ncb,Visual C++ 旧 IntelliSense DB,ncb,https://en.wikipedia.org/wiki/Visual_Studio
makefile,Make 构建脚本,"GNU make, BSD make",https://en.wikipedia.org/wiki/Make_(software)
gnumakefile,GNU Makefile 标准文件名,"GNUmakefile, GNUMakefile",https://www.gnu.org/software/make/
mk,Makefile 片段/常用 mk 扩展,mk,https://en.wikipedia.org/wiki/Make_(software)
mak,Microsoft NMake / Visual C++ makefile,mak,https://learn.microsoft.com/en-us/cpp/build/reference/nmake-reference
cmake,CMake 脚本,"cmake, CMakeLists.txt",https://en.wikipedia.org/wiki/CMake
cmakelists.txt,CMake 项目入口文件,CMakeLists.txt,https://en.wikipedia.org/wiki/CMake
meson.build,Meson 构建脚本,meson.build,https://en.wikipedia.org/wiki/Meson_(software)
configure,Autoconf 生成的配置脚本,configure,https://en.wikipedia.org/wiki/Autoconf
configure.ac,Autoconf 输入文件,configure.ac,https://en.wikipedia.org/wiki/Autoconf
autoconf,Autoconf 宏/脚本,autoconf,https://en.wikipedia.org/wiki/Autoconf
automake,Automake Makefile.am,Makefile.am,https://en.wikipedia.org/wiki/Automake
nmake,Microsoft NMake makefile,nmake,https://learn.microsoft.com/en-us/cpp/build/reference/nmake-reference
dsp,Visual Studio 6.0 Developer Studio Project,dsp,https://en.wikipedia.org/wiki/Visual_Studio
dsw,Visual Studio 6.0 Workspace,dsw,https://en.wikipedia.org/wiki/Visual_Studio
gradle,Gradle 构建脚本 (build.gradle),"gradle, Groovy, Kotlin DSL",https://en.wikipedia.org/wiki/Gradle
kts,Kotlin Script (Gradle .kts),Kotlin DSL,https://en.wikipedia.org/wiki/Kotlin_(programming_language)
package.json,Node.js 项目元数据,package.json,https://docs.npmjs.com/cli/v10/configuring-npm/package-json
package-lock.json,npm 锁定依赖树,lockfile v1/v2/v3,https://docs.npmjs.com/cli/v10/configuring-npm/package-lock-json
yarn.lock,Yarn 锁定依赖,yarn.lock v1,https://classic.yarnpkg.com/lang/en/docs/yarn-lock/
pnpm-lock.yaml,pnpm 锁定依赖 YAML,pnpm-lock.yaml,https://pnpm.io/package_json
gemfile,Ruby Bundler 依赖声明,Gemfile,https://bundler.io/man/gemfile.5.html
gemfile.lock,Ruby Bundler 锁定版本,Gemfile.lock,https://bundler.io/man/gemfile.5.html
pipfile,Python Pipenv 依赖声明,Pipfile,https://pipenv.pypa.io/en/latest/
pipfile.lock,Pipenv 锁定版本,Pipfile.lock,https://pipenv.pypa.io/en/latest/
requirements.txt,Python pip 依赖列表,requirements.txt,https://pip.pypa.io/en/stable/reference/requirements-file-format/
setup.py,Python setuptools 安装脚本,setup.py,https://setuptools.pypa.io/
pyproject.toml,Python PEP 621 项目元数据,"PEP 621, PEP 517",https://peps.python.org/pep-0621/
go.mod,Go 模块声明,go.mod,https://go.dev/ref/mod
go.sum,Go 模块校验和,go.sum,https://go.dev/ref/mod
cargo.toml,Rust Cargo 项目元数据,Cargo.toml,https://doc.rust-lang.org/cargo/reference/manifest.html
cargo.lock,Rust Cargo 锁定依赖,Cargo.lock,https://doc.rust-lang.org/cargo/guide/cargo-toml-vs-cargo-lock.html
pom.xml,Maven 项目对象模型,pom.xml,https://maven.apache.org/pom.html
build.gradle,Gradle Groovy 构建脚本,build.gradle,https://docs.gradle.org/current/userguide/tutorial_using_tasks.html
build.gradle.kts,Gradle Kotlin DSL 构建脚本,build.gradle.kts,https://docs.gradle.org/current/userguide/tutorial_using_tasks.html
settings.gradle,Gradle 设置脚本 Groovy,settings.gradle,https://docs.gradle.org/current/userguide/build_environment.html
settings.gradle.kts,Gradle 设置脚本 Kotlin,settings.gradle.kts,https://docs.gradle.org/current/userguide/build_environment.html
package.swift,Swift Package Manager 清单,Package.swift,https://www.swift.org/documentation/package-manager/
package.resolved,Swift PM 锁定依赖,Package.resolved,https://www.swift.org/documentation/package-manager/
composer.json,PHP Composer 项目元数据,composer.json,https://getcomposer.org/doc/04-schema.md
composer.lock,PHP Composer 锁定依赖,composer.lock,https://getcomposer.org/doc/01-basic-usage.md
mix.exs,Elixir Mix 项目配置,mix.exs,https://hexdocs.pm/mix/Mix.Project.html
mix.lock,Elixir Mix 锁定依赖,mix.lock,https://hexdocs.pm/mix/
cpanfile,Perl cpanm 依赖声明,cpanfile,https://metacpan.org/pod/Module::CPANfile
cpanfile.lock,Carton 锁定依赖,cpanfile.lock,https://metacpan.org/pod/Carton
spec,Ruby RSpec 测试/RPM spec 文件,"spec, RPM spec",https://rspec.info/
_test.go,Go 测试文件后缀 (foo_test.go),testing,https://go.dev/doc/code#Testing
_test.py,Python pytest 文件名模式 (foo_test.py),pytest,https://docs.pytest.org/
dockerfile,Docker 镜像构建脚本,"Dockerfile, dockerfile",https://docs.docker.com/engine/reference/builder/
containerfile,OCI 标准容器构建脚本(类似 Dockerfile),Containerfile,https://github.com/containers/common/blob/main/docs/Containerfile.5.md
compose.yaml,Docker Compose v2 规范,compose.yaml,https://docs.docker.com/compose/compose-file/
docker-compose.yml,Docker Compose v1 文件,docker-compose.yml,https://docs.docker.com/compose/compose-file/compose-file-v3/
compose.yml,Compose v2 短扩展名,compose.yml,https://docs.docker.com/compose/compose-file/
.gitlab-ci.yml,GitLab CI/CD 流水线定义,gitlab-ci,https://docs.gitlab.com/ee/ci/yaml/
.travis.yml,Travis CI 配置,travis-ci,https://docs.travis-ci.com/user/customizing-the-build/
azure-pipelines.yml,Azure DevOps 流水线,azure-pipelines,https://learn.microsoft.com/azure/devops/pipelines/
bitbucket-pipelines.yml,Bitbucket Pipelines,bitbucket-pipelines,https://support.atlassian.com/bitbucket-cloud/docs/get-started-with-bitbucket-pipelines/
jenkinsfile,Jenkins Pipeline 脚本,jenkinsfile,https://www.jenkins.io/doc/book/pipeline/
Jenkinsfile,Jenkins Pipeline 脚本首字母大写,jenkinsfile,https://www.jenkins.io/doc/book/pipeline/
tekton.yaml,Tekton CI/CD 任务定义,tekton,https://tekton.dev/docs/
terraform.tf,Terraform 配置/代码,"tf, HCL",https://www.terraform.io/docs/language/index.html
tfstate,Terraform 状态文件,tfstate,https://www.terraform.io/docs/state/index.html
tfvars,Terraform 变量声明,"tfvars, tfvars.json",https://www.terraform.io/docs/language/values/variables.html
playbook.yml,Ansible Playbook,"playbook.yml, playbook.yaml",https://docs.ansible.com/ansible/latest/playbook_guide/index.html
kustomization.yaml,Kubernetes Kustomize 配置,"kustomization.yaml, kustomization.yml",https://kustomize.io/
helm,Helm Chart 目录,Chart.yaml,https://helm.sh/docs/chart_template_guide/
vagrantfile,Vagrantfile 虚拟机编排,Vagrantfile,https://www.vagrantup.com/docs/vagrantfile
box,Vagrant Box 镜像 (.box),vagrant box,https://www.vagrantup.com/docs/boxes.html
packer_cache,Packer 缓存目录,packer_cache,https://www.packer.io/docs
hcl,HashiCorp Configuration Language,"HCL, tf",https://github.com/hashicorp/hcl
.eslintrc,ESLint 配置,"eslintrc.json, .eslintrc.js, .eslintrc.yml",https://eslint.org/docs/latest/use/configure/
.eslintrc.js,ESLint JS 格式配置,.eslintrc.js,https://eslint.org/docs/latest/use/configure/
.eslintrc.json,ESLint JSON 配置,.eslintrc.json,https://eslint.org/docs/latest/use/configure/
.prettierrc,Prettier 配置,".prettierrc, .prettierrc.json",https://prettier.io/docs/en/configuration.html
.prettierrc.js,Prettier JS 配置,.prettierrc.js,https://prettier.io/docs/en/configuration.html
.editorconfig,EditorConfig 编辑器统一配置,editorconfig,https://editorconfig.org/
.clang-format,clang-format 代码风格配置,clang-format,https://clang.llvm.org/docs/ClangFormat.html
.gitignore,Git 忽略规则,gitignore,https://git-scm.com/docs/gitignore
.gitattributes,Git 属性配置,gitattributes,https://git-scm.com/docs/gitattributes
.dockerignore,Docker 构建忽略规则,dockerignore,https://docs.docker.com/engine/reference/builder/#dockerignore-file
.npmignore,npm 发布包忽略规则,npmignore,https://docs.npmjs.com/cli/v10/configuring-npm/package-json#files
html,HyperText Markup Language 网页,"HTML 4.01, 5, 5.1, 5.2, 5.3",https://en.wikipedia.org/wiki/HTML
htm,HTML 8.3 文件名限制下的扩展名,HTML,https://en.wikipedia.org/wiki/HTML
xhtml,"Extensible HTML, XML 严格 HTML","XHTML 1.0, 1.1, 5",https://en.wikipedia.org/wiki/XHTML
mhtml,"MIME HTML, 单文件多资源存档 (RFC 2557)",MHTML,https://en.wikipedia.org/wiki/MHTML
mht,MHTML 短扩展名(IE 早期),MHTML,https://en.wikipedia.org/wiki/MHTML
shtml,Server-parsed HTML (SSI),"SHTML, SSI",https://en.wikipedia.org/wiki/Server_Side_Includes
shtm,SHTML 短扩展名,SSI,https://en.wikipedia.org/wiki/Server_Side_Includes
sht,SHTML 更短扩展名,SSI,https://en.wikipedia.org/wiki/Server_Side_Includes
xsl,Extensible Stylesheet Language (W3C),XSL 1.0/1.1,https://en.wikipedia.org/wiki/XSL
xslt,XSL Transformations,XSLT 1.0/2.0/3.0,https://en.wikipedia.org/wiki/XSLT
cookies,浏览器 cookies 集合(部分工具),cookies.txt,https://en.wikipedia.org/wiki/HTTP_cookie
cookies.txt,Netscape 格式 cookies 文件,cookies.txt,https://curl.se/docs/http-cookies.html
har,"HTTP Archive 格式, Web 性能捕获",HAR 1.2,https://en.wikipedia.org/wiki/HAR_(file_format)
warc,"Web ARChive, 网页存档 (ISO 28500)",WARC 0.18/1.0,https://en.wikipedia.org/wiki/Web_ARChive
warc.gz,gzip 压缩的 WARC,WARC.gz,https://en.wikipedia.org/wiki/Web_ARChive
pcap,"Packet Capture, libpcap 二进制格式",pcap classic,https://en.wikipedia.org/wiki/Pcap
pcapng,"PCAP Next Generation, 多块格式",pcapng,https://github.com/pcapng/pcapng
cap,"网络抓包文件 (同 pcap, 常见于 Windows)",cap,https://en.wikipedia.org/wiki/Pcap
snoop,Sun Snoop 抓包格式,snoop,https://datatracker.ietf.org/doc/html/rfc1761
ngc,Network General sniffer format,ngc,https://en.wikipedia.org/wiki/Network_General
bfr,Block File Reader (NetScout),bfr,https://en.wikipedia.org/wiki/Network_General
erf,Endace ERF 高速抓包格式,erf v1-v5,https://www.endace.com/erf-documentation.html
nfdump,NetFlow/IPFIX 工具数据格式,nfcapd,https://github.com/phaag/nfdump
nfcapd,NetFlow capture daemon 文件,nfcapd,https://github.com/phaag/nfdump
ipfix,"IP Flow Information Export, RFC 7011",IPFIX,https://en.wikipedia.org/wiki/IP_Flow_Information_Export
sflow,"Sampled Flow (sFlow), RFC 3176",sFlow v5,https://en.wikipedia.org/wiki/SFlow
zone,DNS 区域文件 RFC 1035,"zone, BIND, RFC 1035",https://en.wikipedia.org/wiki/Zone_file
pem,"Privacy-Enhanced Mail, Base64 证书/密钥",pem (RFC 7468),https://en.wikipedia.org/wiki/Privacy-Enhanced_Mail
der,"Distinguished Encoding Rules, 二进制证书/密钥",der (X.690),https://en.wikipedia.org/wiki/X.690
cer,证书文件(可 PEM/DER),cer,https://en.wikipedia.org/wiki/X.509
crt,证书文件(常见 PEM),crt,https://en.wikipedia.org/wiki/X.509
p12,PKCS#12 证书+私钥容器,PKCS12,https://en.wikipedia.org/wiki/PKCS_12
pfx,PKCS#12 旧称(PFX),PKCS12,https://en.wikipedia.org/wiki/PKCS_12
p7b,PKCS#7 证书链(无私钥),PKCS7,https://en.wikipedia.org/wiki/PKCS_7
p7c,PKCS#7 证书容器,PKCS7,https://en.wikipedia.org/wiki/PKCS_7
p7m,PKCS#7 签名消息,PKCS7,https://en.wikipedia.org/wiki/PKCS_7
p7s,PKCS#7 签名数据,PKCS7,https://en.wikipedia.org/wiki/PKCS_7
p7z,PKCS#7 多消息,PKCS7,https://en.wikipedia.org/wiki/PKCS_7
jks,"Java KeyStore, 二进制 keystore","JKS, JCEKS",https://docs.oracle.com/javase/8/docs/api/java/security/KeyStore.html
keystore,Java 密钥库通用扩展名,"jks, jceks, pkcs12",https://docs.oracle.com/javase/8/docs/api/java/security/KeyStore.html
truststore,Java 信任库扩展名,truststore,https://docs.oracle.com/javase/8/docs/api/java/security/KeyStore.html
key,通用私钥文件,key,https://en.wikipedia.org/wiki/Public_key_infrastructure
csr,"Certificate Signing Request, PKCS#10",CSR/PKCS10,https://en.wikipedia.org/wiki/Certificate_signing_request
pub,SSH 公钥或 OpenSSH authorized_keys 行,"pub, ssh-rsa, ssh-ed25519",https://en.wikipedia.org/wiki/Ssh-keygen
known_hosts,SSH 客户端已知主机密钥,known_hosts,https://man.openbsd.org/ssh_config
authorized_keys,SSH 服务端授权公钥文件,authorized_keys,https://man.openbsd.org/sshd
config,OpenSSH ~/.ssh/config,ssh_config,https://man.openbsd.org/ssh_config
colormap,Wireshark 颜色规则,colormap,https://www.wireshark.org/docs/wsug_html_chunked/ChCustView.html
iptables-save,iptables 规则备份格式,iptables-save,https://linux.die.net/man/8/iptables-save
ip6tables-save,ip6tables 规则备份格式,ip6tables-save,https://linux.die.net/man/8/ip6tables-save
bpffilter,tcpdump BPF 过滤程序,"bpf, bpf.c",https://www.tcpdump.org/manpages/pcap-filter.7.html
gnmap,Nmap greppable 输出,gnmap,https://nmap.org/book/man-output.html
nmap,Nmap 文本输出 (oN),nmap,https://nmap.org/book/man-output.html
nse,Nmap Scripting Engine 脚本,nse,https://nmap.org/book/man-nse.html
crl,"Certificate Revocation List, RFC 5280",CRL,https://en.wikipedia.org/wiki/Certificate_revocation_list
ocsp,"Online Certificate Status Protocol, RFC 6960",OCSP,https://en.wikipedia.org/wiki/Online_Certificate_Status_Protocol
p8,PKCS#8 私钥,PKCS8,https://en.wikipedia.org/wiki/PKCS_8
p8.pem,PKCS#8 PEM 私钥,PKCS8 PEM,https://en.wikipedia.org/wiki/PKCS_8
ca-bundle,CA 证书捆绑(PEM 多证书),ca-bundle.crt,https://en.wikipedia.org/wiki/Certificate_authority
oci,Open Container Image Layout (OCI Image Format),"oci, index.json",https://github.com/opencontainers/image-spec/blob/main/spec.md
index.json,OCI Image 顶层索引,index.json,https://github.com/opencontainers/image-spec/blob/main/manifest.md
manifest.json,Docker Image manifest,manifest.json,https://github.com/moby/docker-image-spec/blob/main/spec.md
oci-layout,OCI Layout 描述符,oci-layout,https://github.com/opencontainers/image-spec/blob/main/spec.md
blob,Containerd/OCI blob 存储,blob,https://github.com/containerd/containerd
tar.gz,gzip 压缩 tar 存档,"tar.gz, tgz",https://en.wikipedia.org/wiki/Tar_(computing)
tar,"Tape Archive, 通用归档","tar, ustar, pax, gnu",https://en.wikipedia.org/wiki/Tar_(computing)
tgz,gzip 压缩 tar,tgz,https://en.wikipedia.org/wiki/Tar_(computing)
tar.xz,xz 压缩 tar 存档,"tar.xz, txz",https://en.wikipedia.org/wiki/Tar_(computing)
lxd.tar.xz,LXD 容器导出镜像,lxd.tar.xz,https://linuxcontainers.org/lxd/docs/latest/
containers-storage,Podman/CRI-O 存储目录,containers/storage,https://github.com/containers/storage
ova,"Open Virtualization Archive, OVF+VM disk",ova,https://en.wikipedia.org/wiki/Open_Virtualization_Format
ovf,Open Virtualization Format XML 描述符,ovf,https://en.wikipedia.org/wiki/Open_Virtualization_Format
vbox,VirtualBox VM 配置/磁盘,"vbox, vbox-extpack",https://en.wikipedia.org/wiki/VirtualBox
vbox-prev,VirtualBox 上一版本快照,vbox-prev,https://en.wikipedia.org/wiki/VirtualBox
vbox-extpack,VirtualBox 扩展包,vbox-extpack,https://en.wikipedia.org/wiki/VirtualBox
vmxf,VMware VM 团队配置 (multi-VM),vmxf,https://en.wikipedia.org/wiki/VMware
vmx,VMware VM 主配置,vmx,https://en.wikipedia.org/wiki/VMware
nvram,VMware VM BIOS/EFI 非易失存储,nvram,https://en.wikipedia.org/wiki/VMware
vmrs,VMware VM 运行时状态,vmrs,https://en.wikipedia.org/wiki/VMware
vmsd,VMware VM 快照元数据,vmsd,https://en.wikipedia.org/wiki/VMware
vmsn,VMware VM 快照状态,vmsn,https://en.wikipedia.org/wiki/VMware
hdd,Parallels 硬盘镜像,"hdd, hds",https://en.wikipedia.org/wiki/Parallels_Desktop
hds,Parallels 硬盘镜像(高密度),hds,https://en.wikipedia.org/wiki/Parallels_Desktop
pvm,Parallels 虚拟机包(整个 VM 目录),pvm,https://en.wikipedia.org/wiki/Parallels_Desktop
pvs,Parallels VM 启动脚本,pvs,https://en.wikipedia.org/wiki/Parallels_Desktop
ufs,"Unix File System, BSD 传统 FS","UFS1, UFS2",https://en.wikipedia.org/wiki/Unix_File_System
ffs,"Fast File System, BSD 改进 UFS","FFS, UFS2",https://en.wikipedia.org/wiki/Fast_File_System
lofi,Solaris loopback file driver 设备,lofi,https://en.wikipedia.org/wiki/Loop_device
mat,MATLAB 工作区数据文件,mat v4/v5/v7/v7.3,https://en.wikipedia.org/wiki/MATLAB
fig,MATLAB Figure 文件,fig,https://en.wikipedia.org/wiki/MATLAB
m,MATLAB 脚本/函数 / Octave / Mathematica pkg,m,https://en.wikipedia.org/wiki/MATLAB
mex,MATLAB MEX 函数,"mex, mexax, mexw32, mexw64",https://en.wikipedia.org/wiki/MATLAB
mexax,MATLAB MEX for macOS Apple Silicon,mexax,https://www.mathworks.com/help/matlab/matlab_external/
mexw32,MATLAB MEX for Windows 32-bit,mexw32,https://www.mathworks.com/help/matlab/matlab_external/
mexw64,MATLAB MEX for Windows 64-bit,mexw64,https://www.mathworks.com/help/matlab/matlab_external/
mexmaci,MATLAB MEX for macOS Intel 32-bit,mexmaci,https://www.mathworks.com/help/matlab/matlab_external/
mexmaci64,MATLAB MEX for macOS Intel 64-bit,mexmaci64,https://www.mathworks.com/help/matlab/matlab_external/
mexglx,MATLAB MEX for Linux,mexglx,https://www.mathworks.com/help/matlab/matlab_external/
nb,Wolfram Mathematica Notebook,nb v0-v12,https://en.wikipedia.org/wiki/Wolfram_Mathematica
mx,Mathematica 序列化表达,mx,https://en.wikipedia.org/wiki/Wolfram_Mathematica
mw,Maple 工作表,mw,https://en.wikipedia.org/wiki/Maple_(software)
mws,Maple 工作表(经典),mws,https://en.wikipedia.org/wiki/Maple_(software)
rda,R RData 文件(serialized R objects),"rda, RData",https://cran.r-project.org/doc/manuals/r-release/R-ints.html#Serialization-Formats
rds,R 单对象序列化,rds,https://cran.r-project.org/doc/manuals/r-release/R-ints.html#Serialization-Formats
rdata,R 工作区数据(常见扩展),"rdata, RData",https://cran.r-project.org/doc/manuals/r-release/R-ints.html#Serialization-Formats
rdx,R 压缩序列化(serialize),rdx,https://cran.r-project.org/doc/manuals/r-release/R-ints.html#Serialization-Formats
rhistory,R 命令历史,"rhistory, Rhistory",https://cran.r-project.org/
rprofile,R 启动配置文件,"Rprofile.site, .Rprofile",https://cran.r-project.org/
dta,Stata 数据集,dta 1-15,https://en.wikipedia.org/wiki/Stata
do,Stata do-file (脚本),do,https://en.wikipedia.org/wiki/Stata
ado,Stata 自动加载程序,ado,https://en.wikipedia.org/wiki/Stata
sas7bdat,SAS v7+ 数据集,sas7bdat,https://en.wikipedia.org/wiki/SAS_(software)
xpt,SAS XPORT/XPT 传输格式,"xpt, xport",https://en.wikipedia.org/wiki/SAS_XPORT
xport,SAS XPORT 旧扩展,xport,https://en.wikipedia.org/wiki/SAS_XPORT
cport,SAS CPORT 移植数据集,cport,https://en.wikipedia.org/wiki/SAS_(software)
spo,SPSS 输出,spo,https://en.wikipedia.org/wiki/SPSS
sps,SPSS 语法脚本,sps,https://en.wikipedia.org/wiki/SPSS
zsav,SPSS 压缩数据格式,zsav,https://en.wikipedia.org/wiki/SPSS
opj,OriginLab Origin 项目,opj,https://en.wikipedia.org/wiki/Origin_(software)
ogg,OriginLab/或音频 Ogg,"ogg, opj",https://en.wikipedia.org/wiki/Origin_(software)
ogu,OriginLab Origin Unicode,ogu,https://en.wikipedia.org/wiki/Origin_(software)
sce,Scilab 脚本,sce,https://en.wikipedia.org/wiki/Scilab
sci,Scilab 函数/数据,sci,https://en.wikipedia.org/wiki/Scilab
tst,Scilab 测试,tst,https://en.wikipedia.org/wiki/Scilab
pxp,Igor Pro packed experiment,pxp v1-v6,https://en.wikipedia.org/wiki/Igor_Pro
igg,Igor Pro packed experiment(早期),igg,https://en.wikipedia.org/wiki/Igor_Pro
h5,HDF5 文件,h5,https://en.wikipedia.org/wiki/Hierarchical_Data_Format
hdf5,HDF5 文件(全名),hdf5,https://en.wikipedia.org/wiki/Hierarchical_Data_Format
hdf,HDF4 文件(旧),hdf,https://en.wikipedia.org/wiki/Hierarchical_Data_Format
nc,NetCDF 经典格式,"nc, nc3, nc4",https://en.wikipedia.org/wiki/NetCDF
nc4,NetCDF-4 (HDF5 基础),nc4,https://en.wikipedia.org/wiki/NetCDF
cdf,Common Data Format (NetCDF/HDF 早期),cdf,https://en.wikipedia.org/wiki/Common_Data_Format
fits,"Flexible Image Transport System, 天文",fits,https://en.wikipedia.org/wiki/FITS
fts,FITS 短扩展名,fits,https://en.wikipedia.org/wiki/FITS
fit,FITS 或 Casio/单反 RAW,"fits, fit",https://en.wikipedia.org/wiki/FITS
grb,GRIB 1/2 (WMO 气象),"grb, grb1",https://en.wikipedia.org/wiki/GRIB
grb1,GRIB Edition 1,grb1,https://en.wikipedia.org/wiki/GRIB
grb2,GRIB Edition 2,grb2,https://en.wikipedia.org/wiki/GRIB
grib,GRIB 气象数据,grib,https://en.wikipedia.org/wiki/GRIB
grib2,GRIB Edition 2 完整扩展,grib2,https://en.wikipedia.org/wiki/GRIB
bufr,WMO FM94 BUFR 二进制通用气象数据,bufr,https://en.wikipedia.org/wiki/BUFR
root,CERN ROOT 二进制数据,"root, Cern ROOT",https://en.wikipedia.org/wiki/ROOT
dcm,DICOM 医学影像,"dcm, dicom",https://en.wikipedia.org/wiki/DICOM
dicom,DICOM 完整扩展,dicom,https://en.wikipedia.org/wiki/DICOM
nii,NIfTI-1 神经影像,"nii, nii.gz",https://en.wikipedia.org/wiki/Neuroimaging_Informatics_Technology_Initiative
nii.gz,gzip 压缩 NIfTI,nii.gz,https://en.wikipedia.org/wiki/Neuroimaging_Informatics_Technology_Initiative
mnc,MINC 医学影像格式,mnc,https://en.wikipedia.org/wiki/MINC
mnc.gz,gzip 压缩 MINC,mnc.gz,https://en.wikipedia.org/wiki/MINC
mnc1,MINC v1,mnc1,https://en.wikipedia.org/wiki/MINC
mnc2,MINC v2 (HDF5),mnc2,https://en.wikipedia.org/wiki/MINC
mhd,"MetaImage 元数据, .mhd+.raw/raw/.mha",mhd,https://itk.org/Wiki/ITK/MetaIO
mha,MetaImage 单文件(Meta + data),mha,https://itk.org/Wiki/ITK/MetaIO
vti,"VTK ImageData XML, 结构化",vti,https://vtk.org/wp-content/uploads/2021/03/VTKFileFormats.pdf
vtr,VTK RectilinearGrid XML,vtr,https://vtk.org/wp-content/uploads/2021/03/VTKFileFormats.pdf
vts,VTK StructuredGrid XML,vts,https://vtk.org/wp-content/uploads/2021/03/VTKFileFormats.pdf
vtp,VTK PolyData XML,vtp,https://vtk.org/wp-content/uploads/2021/03/VTKFileFormats.pdf
vtu,VTK UnstructuredGrid XML,vtu,https://vtk.org/wp-content/uploads/2021/03/VTKFileFormats.pdf
ply,"Polygon File Format, Stanford 3D 扫描",ply ASCII/binary,https://en.wikipedia.org/wiki/PLY_(file_format)
stl,"STereoLithography, 3D 打印模型",stl ASCII/binary,https://en.wikipedia.org/wiki/STL_(file_format)
obj,Wavefront OBJ 几何,obj,https://en.wikipedia.org/wiki/Wavefront_.obj_file
mtl,Wavefront MTL 材质库,mtl,https://en.wikipedia.org/wiki/Wavefront_.obj_file
blend,Blender 项目文件,blend,https://en.wikipedia.org/wiki/Blender_(software)
blend1,Blender 备份,blend1-blend9,https://en.wikipedia.org/wiki/Blender_(software)
blend2,Blender 第二个备份,blend2,https://en.wikipedia.org/wiki/Blender_(software)
dwg,AutoCAD Drawing 二进制,dwg R1-R32+,https://en.wikipedia.org/wiki/.dwg
dxf,Drawing Exchange Format ASCII,dxf ASCII/binary,https://en.wikipedia.org/wiki/AutoCAD_DXF
dwt,AutoCAD 模板 / Civil 3D 模板,dwt,https://en.wikipedia.org/wiki/AutoCAD
dwf,AutoCAD Design Web Format,"dwf, dwfx",https://en.wikipedia.org/wiki/Design_Web_Format
dwfx,DWF 基于 XPS 的新版本,dwfx,https://en.wikipedia.org/wiki/Design_Web_Format
sldprt,SolidWorks 零件,sldprt,https://en.wikipedia.org/wiki/SolidWorks
sldasm,SolidWorks 装配体,sldasm,https://en.wikipedia.org/wiki/SolidWorks
slddrw,SolidWorks 工程图,slddrw,https://en.wikipedia.org/wiki/SolidWorks
catpart,CATIA 零件,catpart,https://en.wikipedia.org/wiki/CATIA
catproduct,CATIA 产品/装配,catproduct,https://en.wikipedia.org/wiki/CATIA
catdrawing,CATIA 工程图,catdrawing,https://en.wikipedia.org/wiki/CATIA
cgr,CATIA 图形表示(轻量),cgr,https://en.wikipedia.org/wiki/CATIA
prt,NX/Siemens 或 Creo 零件,prt,https://en.wikipedia.org/wiki/Siemens_NX
asm,Creo/多 CAD 装配,asm,https://en.wikipedia.org/wiki/PTC_Creo
drw,Creo/多 CAD 工程图,drw,https://en.wikipedia.org/wiki/PTC_Creo
f3d,Fusion 360 设计,f3d,https://en.wikipedia.org/wiki/Autodesk_Fusion_360
f3z,Fusion 360 项目包,f3z,https://en.wikipedia.org/wiki/Autodesk_Fusion_360
ipt,Autodesk Inventor 零件,ipt,https://en.wikipedia.org/wiki/Autodesk_Inventor
iam,Autodesk Inventor 装配,iam,https://en.wikipedia.org/wiki/Autodesk_Inventor
idw,Autodesk Inventor 工程图,idw,https://en.wikipedia.org/wiki/Autodesk_Inventor
ipn,Autodesk Inventor 演示,ipn,https://en.wikipedia.org/wiki/Autodesk_Inventor
3dm,Rhino 3D 模型,3dm v1-v8,https://en.wikipedia.org/wiki/Rhinoceros_3D
skp,SketchUp 模型,skp v1-v2024,https://en.wikipedia.org/wiki/SketchUp
skb,SketchUp 备份,skb,https://en.wikipedia.org/wiki/SketchUp
ifc,"Industry Foundation Classes, BIM","ifc 2x3, ifc4",https://en.wikipedia.org/wiki/Industry_Foundation_Classes
ifcxml,IFC XML 表示,ifcxml,https://en.wikipedia.org/wiki/Industry_Foundation_Classes
ifczip,ZIP 压缩 IFC,ifczip,https://en.wikipedia.org/wiki/Industry_Foundation_Classes
rvt,Autodesk Revit 项目,rvt,https://en.wikipedia.org/wiki/Autodesk_Revit
rfa,Revit 族文件,rfa,https://en.wikipedia.org/wiki/Autodesk_Revit
rft,Revit 族模板,rft,https://en.wikipedia.org/wiki/Autodesk_Revit
rte,Revit 模板项目,rte,https://en.wikipedia.org/wiki/Autodesk_Revit
gbr,Gerber PCB 格式 RS-274X,gbr,https://en.wikipedia.org/wiki/Gerber_format
gbl,Gerber 底层铜,gbl,https://en.wikipedia.org/wiki/Gerber_format
gbs,Gerber 阻焊底层,gbs,https://en.wikipedia.org/wiki/Gerber_format
gbo,Gerber 丝印底层,gbo,https://en.wikipedia.org/wiki/Gerber_format
gbp,Gerber 焊膏底层,gbp,https://en.wikipedia.org/wiki/Gerber_format
gbt,Gerber 顶层铜,gbt,https://en.wikipedia.org/wiki/Gerber_format
gba,Gerber 阻焊顶层,gba,https://en.wikipedia.org/wiki/Gerber_format
gml,Gerber/ArcGIS 标记语言或 GML,gml,https://en.wikipedia.org/wiki/Gerber_format
drl,Excellon 数控钻孔,drl,https://en.wikipedia.org/wiki/Excellon_format
hpgl,HP Graphics Language 绘图仪,hpgl,https://en.wikipedia.org/wiki/HP-GL
plt,HPGL/2 绘图仪文件,plt,https://en.wikipedia.org/wiki/HP-GL/2
ps,PostScript 页面描述,ps,https://en.wikipedia.org/wiki/PostScript
eps,Encapsulated PostScript,eps,https://en.wikipedia.org/wiki/Encapsulated_PostScript
pdf,"Portable Document Format, ISO 32000",pdf 1.0-2.0,https://en.wikipedia.org/wiki/PDF
gpg,GnuPG 加密/签名块,gpg ASCII/binary,https://en.wikipedia.org/wiki/GNU_Privacy_Guard
pgp,Pretty Good Privacy 块,pgp,https://en.wikipedia.org/wiki/Pretty_Good_Privacy
asc,ASCII-armored PGP 块或 ASCII 文本,"asc, ASCII armor",https://en.wikipedia.org/wiki/Pretty_Good_Privacy
sig,PGP 分离签名,sig,https://en.wikipedia.org/wiki/Pretty_Good_Privacy
gpg-key,GnuPG 导出的公钥,gpg-key,https://en.wikipedia.org/wiki/GNU_Privacy_Guard
sec,GnuPG 私钥环文件 (secring.gpg),sec,https://en.wikipedia.org/wiki/GNU_Privacy_Guard
xsig,XML 数字签名,"xmlsig, dsig",https://www.w3.org/TR/xmldsig-core/
xmlsig,XML 数字签名元素,xmlsig,https://www.w3.org/TR/xmldsig-core/
conf,OpenVPN/WireGuard 配置文件 / 通用配置文件,"conf, ovpn",https://openvpn.net/community-resources/reference-manual-for-openvpn-2-4/
ovpn,OpenVPN 客户端配置,ovpn,https://openvpn.net/community-resources/reference-manual-for-openvpn-2-4/
tc,TrueCrypt 卷文件,tc,https://en.wikipedia.org/wiki/TrueCrypt
hc,VeraCrypt/TrueCrypt 容器,hc (hidden),https://en.wikipedia.org/wiki/VeraCrypt
veracrypt,VeraCrypt 卷文件,"veracrypt, hc",https://en.wikipedia.org/wiki/VeraCrypt
luks,Linux Unified Key Setup 加密卷头,"LUKS1, LUKS2",https://en.wikipedia.org/wiki/Linux_Unified_Key_Setup
tmp,临时文件,tmp,https://en.wikipedia.org/wiki/Temporary_file
temp,临时文件(长扩展名),temp,https://en.wikipedia.org/wiki/Temporary_file
orig,原始备份(apt patch/merge 常见),orig,https://en.wikipedia.org/wiki/Backup
lock,通用锁文件,lock,https://en.wikipedia.org/wiki/File_locking
lck,锁文件(常见于 Windows),lck,https://en.wikipedia.org/wiki/File_locking
lockfile,显式命名锁文件,lockfile,https://en.wikipedia.org/wiki/File_locking
bkp,备份,bkp,https://en.wikipedia.org/wiki/Backup
backup,备份,backup,https://en.wikipedia.org/wiki/Backup
out,通用输出文件,out,https://en.wikipedia.org/wiki/Standard_streams
err,标准错误流文件,err,https://en.wikipedia.org/wiki/Standard_streams
trace,跟踪/分析数据,trace,https://en.wikipedia.org/wiki/Tracing_(software)
pdb,"Program Database, 调试符号 (MSVC/Eclipse/RDKit)",pdb v2/v7,https://en.wikipedia.org/wiki/Program_database
dbg,调试符号文件,dbg,https://en.wikipedia.org/wiki/Debug_symbol
sym,调试符号文件,sym,https://en.wikipedia.org/wiki/Debug_symbol
map,Linker Map 文件 / Source Map,map,https://en.wikipedia.org/wiki/Source_map
gsf,Google Safe Browsing 或其他 SF,gsf,https://en.wikipedia.org/wiki/Source_map
crash,通用崩溃报告,crash,https://en.wikipedia.org/wiki/Crash_(computing)
dump,通用转储,dump,https://en.wikipedia.org/wiki/Core_dump
babel,Babel 翻译,babel,https://www.fileinfo.com/extension/babel
mo,GNU gettext 编译机器对象,mo,https://en.wikipedia.org/wiki/Gettext
po,GNU gettext 可移植对象,po,https://en.wikipedia.org/wiki/Gettext
pot,GNU gettext 模板 / Hashcat 恢复出的明文,pot,https://en.wikipedia.org/wiki/Gettext
ts,Qt Linguist 翻译源,"ts, QM",https://doc.qt.io/qt-6/linguist-translators.html
qm,Qt Linguist 编译二进制翻译,qm,https://doc.qt.io/qt-6/linguist-translators.html
dic,字典/词库文件(Hunspell/MySpell/OpenOffice),dic,https://en.wikipedia.org/wiki/Hunspell
aff,Hunspell 词缀文件,aff,https://en.wikipedia.org/wiki/Hunspell
oxt,OpenOffice/LibreOffice 扩展,oxt,https://en.wikipedia.org/wiki/OpenOffice.org
idx,索引文件(各种应用),idx,https://en.wikipedia.org/wiki/Index_(search_engine)
dict,字典文件(Apple/macOS),dict,https://en.wikipedia.org/wiki/Dictionary_file
bash_history,Bash 历史记录,bash_history,https://www.gnu.org/software/bash/manual/bash.html#Bash-History-Builtins
lesshst,Less 分页器历史,lesshst,https://man.openbsd.org/less
viminfo,Vim 编辑器历史,viminfo,https://vimhelp.org/options.txt.html
history,Shell 历史,history,https://en.wikipedia.org/wiki/Shell_history
terminfo,terminfo 终端能力数据库,"terminfo, ti",https://en.wikipedia.org/wiki/Terminfo
ti,terminfo 编译源文件,ti,https://en.wikipedia.org/wiki/Terminfo
cfg,配置文件,cfg,https://en.wikipedia.org/wiki/Configuration_file
ini,Windows INI 初始化配置,ini,https://en.wikipedia.org/wiki/INI_file
env,环境变量文件 (.env),env,https://en.wikipedia.org/wiki/.env
bashrc,Bash 启动脚本,bashrc,https://www.gnu.org/software/bash/manual/bash.html
profile,Shell 登录 profile,profile,https://man.openbsd.org/profile
zshrc,Zsh 启动脚本,zshrc,https://zsh.sourceforge.io/Doc/Release/Files.html
vimrc,Vim 配置,vimrc,https://vimhelp.org/starting.txt.html
emacs,Emacs 配置(.emacs),emacs,https://www.gnu.org/software/emacs/manual/html_node/emacs/Init-File.html
screenrc,GNU Screen 配置,screenrc,https://www.gnu.org/software/screen/manual/screen.html
tmux.conf,tmux 配置,tmux.conf,https://github.com/tmux/tmux/wiki/Getting-Started
envrc,direnv 环境配置,envrc,https://direnv.net/
res,Windows Resource / Android compiled,"res, resx",https://en.wikipedia.org/wiki/Resource_(Windows)
resources,.NET 资源 (.resources),resources,https://docs.microsoft.com/dotnet/framework/resources/
rcc,Qt Resource Compiler 二进制,rcc,https://doc.qt.io/qt-6/resources.html
ui,Qt Designer UI XML,ui,https://doc.qt.io/qt-6/designer-manual.html
qrc,Qt Resource Collection,qrc,https://doc.qt.io/qt-6/resources.html
qml,Qt Modeling Language,qml,https://en.wikipedia.org/wiki/QML
arsc,Android 资源索引(编译),arsc,https://source.android.com/devices/tech/dalvik/
dex,Android Dalvik Executable,dex,https://en.wikipedia.org/wiki/Dalvik_(software)
smali,Android 反汇编 Smali,smali,https://github.com/JesusFreke/smali
axml,Android 二进制 XML,axml,https://source.android.com/devices/tech/dalvik/
abi,Android Application Binary Interface,abi,https://developer.android.com/ndk/guides/abis
bp,Android Soong Build 声明 (Blueprint),bp,https://ci.android.com/builds/submitted/8387208/linux/latest/ViewSourceTree.html
xib,iOS Interface Builder XML,xib,https://en.wikipedia.org/wiki/Interface_Builder
storyboard,iOS 故事板,storyboard,https://developer.apple.com/library/archive/documentation/ToolsLanguages/Conceptual/Xcode_Overview/
plist,Apple Property List XML/二进制,plist XML/binary,https://en.wikipedia.org/wiki/Property_list
pbxproj,Xcode 项目文件,pbxproj,https://developer.apple.com/library/archive/featuredarticles/XcodeConcepts/Concept-Projects.html
xcworkspace,Xcode 工作区,xcworkspace,https://developer.apple.com/library/archive/featuredarticles/XcodeConcepts/Concept-Workspace.html
xcodeproj,Xcode 项目包,xcodeproj,https://developer.apple.com/library/archive/featuredarticles/XcodeConcepts/Concept-Projects.html
strings,Apple 字符串表,strings,https://developer.apple.com/library/archive/documentation/Cocoa/Conceptual/LoadingResources/Strings/Strings.html
nib,macOS Interface Builder NeXTSTEP,nib,https://en.wikipedia.org/wiki/Interface_Builder
car,macOS/iOS 编译器档案,car,https://developer.apple.com/library/archive/documentation/Cocoa/Conceptual/LoadingResources/
reg,Windows 注册表导出,reg,https://en.wikipedia.org/wiki/Windows_Registry
inf,Windows 安装信息文件,inf,https://learn.microsoft.com/en-us/windows-hardware/drivers/install/using-inf-files
msc,Microsoft 管理控制台快照,msc,https://en.wikipedia.org/wiki/Microsoft_Management_Console
cpl,Windows 控制面板项,cpl,https://en.wikipedia.org/wiki/.cpl
scr,Windows 屏幕保护/脚本,scr,https://en.wikipedia.org/wiki/Screensaver
pol,Windows 注册表策略,pol,https://en.wikipedia.org/wiki/Group_Policy
gpt,Group Policy 模板,gpt,https://en.wikipedia.org/wiki/Group_Policy
admx,组策略 ADMX 模板,admx,https://learn.microsoft.com/en-us/troubleshoot/windows-server/group-policy/create-or-edit-administrative-template-files
adml,组策略 ADMX 语言资源,adml,https://learn.microsoft.com/en-us/troubleshoot/windows-server/group-policy/create-or-edit-administrative-template-files
ntds.dit,Active Directory NTDS 数据库,ntds.dit,https://en.wikipedia.org/wiki/Active_Directory
htaccess,Apache .htaccess 分布式配置,htaccess,https://httpd.apache.org/docs/current/howto/htaccess.html
caddyfile,Caddy 服务器配置,Caddyfile,https://caddyserver.com/docs/caddyfile
traefik,Traefik 配置(TOML/YAML),traefik.yml,https://doc.traefik.io/traefik/
vcl,Varnish Configuration Language,vcl,https://varnish-cache.org/docs/
ldif,"LDAP Data Interchange Format, RFC 2849",ldif,https://en.wikipedia.org/wiki/LDAP_Data_Interchange_Format
keytab,Kerberos 密钥表文件,keytab,https://web.mit.edu/kerberos/krb5-latest/doc/basic/keytab_def.html
exports,NFS /etc/exports 共享定义,exports,https://man.openbsd.org/exports
lease,DHCP 租约文件,"lease, leases",https://en.wikipedia.org/wiki/Dynamic_Host_Configuration_Protocol
cf,"Postfix 配置 (main.cf, master.cf)",cf,http://www.postfix.org/postconf.5.html
crontab,cron 计划任务表,crontab,https://man.openbsd.org/crontab
service,systemd 单元文件,service,https://www.freedesktop.org/software/systemd/man/systemd.service.html
timer,systemd 定时器单元,timer,https://www.freedesktop.org/software/systemd/man/systemd.timer.html
mount,systemd mount 单元,mount,https://www.freedesktop.org/software/systemd/man/systemd.mount.html
automount,systemd automount 单元,automount,https://www.freedesktop.org/software/systemd/man/systemd.automount.html
socket,systemd socket 单元,socket,https://www.freedesktop.org/software/systemd/man/systemd.socket.html
target,systemd target 单元,target,https://www.freedesktop.org/software/systemd/man/systemd.target.html
path,systemd path 单元,path,https://www.freedesktop.org/software/systemd/man/systemd.path.html
rules,auditd 规则文件,rules,https://linux.die.net/man/8/auditctl
ivs,Aircrack-ng IVS 旧抓包,ivs,https://www.aircrack-ng.org/documentation.html
hccapx,Hashcat WPA/WPA2 hash 格式,hccapx,https://hashcat.net/wiki/doku.php?id=hccapx
hash,Hashcat hash 列表,"hash, hashes",https://hashcat.net/wiki/
rec,John the Ripper 恢复状态,"rec, john.rec",https://www.openwall.com/john/
idb,IDA Pro 数据库,idb,https://hex-rays.com/ida-pro/
i64,IDA Pro 64-bit 数据库,i64,https://hex-rays.com/ida-pro/
nam,IDA 名称文件,nam,https://hex-rays.com/ida-pro/
rep.gz,Ghidra repository 存档,rep.gz,https://ghidra-sre.org/
rap,Radare2 项目,rap,https://rada.re/n/
acsl,ANSI/ISO C Specification Language (Frama-C),acsl,https://www.frama-c.com/
frama-c,Frama-C 配置/项目,frama-c,https://www.frama-c.com/
rb,Ruby 脚本 / Metasploit 模块,"rb, ruby",https://www.ruby-lang.org/
py,Python 脚本 / Metasploit 模块,"py, python",https://www.python.org/
dar,Burp Suite 保存的会话,dar,https://portswigger.net/burp/documentation
