扩展名,用途,变种,出处
wav,Microsoft 未压缩 PCM 音频容器,WAVEFORMAT PCM/WAVE-Extensible/BWF/RF64,https://en.wikipedia.org/wiki/WAV
aiff,Apple AIFF 未压缩音频容器,AIF/AIFF-C/Compressed AIFC,https://en.wikipedia.org/wiki/Audio_Interchange_File_Format
aif,AIFF 短扩展,AIFF/AIFF-C 容器,https://en.wikipedia.org/wiki/Audio_Interchange_File_Format
au,Sun/NeXT 简单未压缩音频,μ-law/A-law 8-bit 容器,https://en.wikipedia.org/wiki/Au_(file_format)
snd,NeXT/Sound Editor 音频资源文件,AudioFile/SndHeader,https://en.wikipedia.org/wiki/NeXTSTEP
pcm,原始 PCM 采样数据,大端/小端/有符号/浮点,https://en.wikipedia.org/wiki/Pulse-code_modulation
raw,无头原始 PCM 音频,任意采样率/位深,https://en.wikipedia.org/wiki/Raw_audio_format
mp3,MPEG-1/2 Audio Layer III 有损压缩,MP3/MP2/MP1/MPEG-2.5/Layer 3,https://en.wikipedia.org/wiki/MP3
aac,Advanced Audio Coding MPEG-2/4 有损,HE-AAC/AAC-LC/AAC-LD/xHE-AAC,https://en.wikipedia.org/wiki/Advanced_Audio_Coding
m4a,MPEG-4 Audio 容器 (AAC),iTunes AAC/ALAC/HE-AAC,https://en.wikipedia.org/wiki/M4A
m4b,MPEG-4 Audiobook 容器,iTunes有声书 AAC,https://en.wikipedia.org/wiki/M4A
m4p,受 DRM 保护的 MPEG-4 音频,FairPlay DRM AAC,https://en.wikipedia.org/wiki/M4A
m4r,iPhone 铃声 MPEG-4 容器,AAC ringtone,https://en.wikipedia.org/wiki/M4A
ogg,Ogg 容器 (Vorbis/Opus/FLAC),.ogg/.oga/.ogv/.spx,https://en.wikipedia.org/wiki/Ogg
oga,Ogg 仅音频容器,Ogg Vorbis/Speex/Opus,https://en.wikipedia.org/wiki/Ogg
opus,Opus 有损/语音交互式编解码,Ogg Opus/WebM Opus,https://en.wikipedia.org/wiki/Opus_(audio_format)
wma,Windows Media Audio 有损,WMA/WMA Pro/WMA Lossless/WMA Voice,https://en.wikipedia.org/wiki/Windows_Media_Audio
wma-l,Windows Media Audio Lossless,WMALossless,https://en.wikipedia.org/wiki/Windows_Media_Audio
ra,RealAudio 流式有损,RealAudio 1/2/3,https://en.wikipedia.org/wiki/RealAudio
ram,RealAudio Metafile 播放列表,RAM/RM/RMX,https://en.wikipedia.org/wiki/RealAudio
rm,RealMedia 容器 (音频/视频),RealAudio + RealVideo,https://en.wikipedia.org/wiki/RealMedia
mka,Matroska 音频容器,MKA/MKV/MK3D 容器,https://en.wikipedia.org/wiki/Matroska
amr,Adaptive Multi-Rate 语音编码,AMR-NB/AMR-WB/AMR-WB+,https://en.wikipedia.org/wiki/Adaptive_Multi-Rate_audio_codec
awb,Adaptive Multi-Rate Wideband 语音,AMR-WB 文件容器,https://en.wikipedia.org/wiki/Adaptive_Multi-Rate_audio_codec
3ga,3GPP 音频容器,AAC/AMR/AMR-WB 容器,https://en.wikipedia.org/wiki/3GP
dts,DTS 影院环绕声,DTS/DTS-HD/DTS:X,https://en.wikipedia.org/wiki/DTS_(sound_system)
ac3,Dolby Digital AC-3 5.1 音频,Dolby Digital/Dolby Digital Plus,https://en.wikipedia.org/wiki/Dolby_Digital
flac,Free Lossless Audio Codec 无损,FLAC native/Ogg-FLAC,https://en.wikipedia.org/wiki/FLAC
alac,Apple Lossless Audio Codec,ALAC in M4A/CAF,https://en.wikipedia.org/wiki/Apple_Lossless
ape,Monkey's Audio 无损压缩,APE/MAC HD,https://en.wikipedia.org/wiki/Monkey%27s_Audio
wavpack,WavPack 混合无损/有损,WavPack/WV 校正文件,https://en.wikipedia.org/wiki/WavPack
wv,WavPack 音频文件,WV lossy/hybrid/lossless,https://en.wikipedia.org/wiki/WavPack
tta,True Audio 无损,TTA1,https://en.wikipedia.org/wiki/True_Audio
ofr,OptimFROG 无损音频,OFR/OFS 容器,https://en.wikipedia.org/wiki/OptimFROG
ofs,OptimFROG 单流格式,OFS 容器,https://en.wikipedia.org/wiki/OptimFROG
tak,Tom's Audio Kompressor 无损,TAK v1/v2,https://en.wikipedia.org/wiki/Tom%27s_Audio_Kompressor
mla,Musepack 无损音频,MPC/Musepack,https://en.wikipedia.org/wiki/Musepack
mlp,Meridian Lossless Packing (Dolby TrueHD),MLP in TrueHD,https://en.wikipedia.org/wiki/Meridian_Lossless_Packing
mid,MIDI 标准 1.0 文件,MIDI Type 0/1/2/SMF,https://en.wikipedia.org/wiki/MIDI
midi,MIDI 文件扩展名,Standard MIDI File,https://en.wikipedia.org/wiki/MIDI
kar,Karaoke MIDI 文件,Kar=SMF+lyrics,https://en.wikipedia.org/wiki/Karaoke_file
rmi,Windows RIFF MIDI 容器,RIFF MIDI,https://en.wikipedia.org/wiki/MIDI
xmf,XMF 可扩展音乐格式,XMF Type 0/1/Mobile XMF,https://en.wikipedia.org/wiki/Extensible_Music_Format
mxmf,Mobile XMF MIDI,三星手机铃声格式,https://en.wikipedia.org/wiki/Extensible_Music_Format
mod,Amiga Protracker 模块,ProTracker NoiseTracker,https://en.wikipedia.org/wiki/MOD_(file_format)
s3m,Scream Tracker 3 模块,S3M,https://en.wikipedia.org/wiki/S3M
xm,FastTracker II 扩展模块,XM,https://en.wikipedia.org/wiki/XM_(file_format)
it,Impulse Tracker 模块,IT compressed,https://en.wikipedia.org/wiki/Impulse_Tracker
mtm,MultiTracker Module,MTM,https://en.wikipedia.org/wiki/MultiTracker
umx,Unreal Engine UMX 音乐,UMX music,https://en.wikipedia.org/wiki/UMX
med,OctaMED MED 模块,MED MED2/MED3/MED4,https://en.wikipedia.org/wiki/OctaMED
okt,Amiga Oktalyzer 模块,OKT,https://en.wikipedia.org/wiki/Oktalyzer
far,Farandole Tracker 模块,FAR composer,https://en.wikipedia.org/wiki/Farandole
wow,MOD + Adlib 音色,WOW,https://en.wikipedia.org/wiki/669_(tracker)
669,Composer 669 / UNIS 669 模块,669,https://en.wikipedia.org/wiki/669_(tracker)
stm,Scream Tracker 2 模块,STM,https://en.wikipedia.org/wiki/STM_(file_format)
mo3,MO3 压缩模块 (MP3/OGG),MO3,https://en.wikipedia.org/wiki/MO3
voc,Creative Labs Sound Blaster VOC,VOC files,https://en.wikipedia.org/wiki/Creative_Labs_VOC_file
gsm,GSM 06.10 全速率语音,GSM 06.10,https://en.wikipedia.org/wiki/Full_Rate
vox,Dialogic ADPCM 语音,VOX/ADPCM,https://en.wikipedia.org/wiki/Dialogic_ADPCM
avi,Audio Video Interleave 容器,AVI/AVI 2.0/OpenDML,https://en.wikipedia.org/wiki/Audio_Video_Interleave
caf,Apple Core Audio Format,CAF,https://en.wikipedia.org/wiki/Core_Audio_Format
ds2,Olympus DS-2 录音,DS2 dictation,https://en.wikipedia.org/wiki/Olympus_DS
dss,Digital Speech Standard 录音,DSS/DSS Pro,https://en.wikipedia.org/wiki/Digital_Speech_Standard
dss2,DSS Pro 增强版,DSS2,https://en.wikipedia.org/wiki/Digital_Speech_Standard
dcf,Olympus/Philips DSC 音频,DCF dictation,https://en.wikipedia.org/wiki/DCF_(file_format)
icf,Olympus IC 录音笔,ICF dictation,https://en.wikipedia.org/wiki/Olympus_DS
dvf,Sony Digital Voice File,DVF/Sony recorder,https://en.wikipedia.org/wiki/Sony_recorders
msv,Sony Memory Stick 语音,MSV,https://en.wikipedia.org/wiki/Memory_Stick
mp2,MPEG-1 Audio Layer II,MP2/MPA,https://en.wikipedia.org/wiki/MPEG-1_Audio_Layer_II
mpa,MPEG Audio 通用扩展,MPA (MP1/MP2/MP3),https://en.wikipedia.org/wiki/MPEG-1_Audio_Layer_II
mp1,MPEG-1 Audio Layer I,MP1,https://en.wikipedia.org/wiki/MPEG-1_Audio_Layer_I
syx,SysEx MIDI 系统专用数据,SysEx dump,https://en.wikipedia.org/wiki/System_exclusive
pat,Pattern/GigaStudio 音色,PAT/GIG,https://en.wikipedia.org/wiki/GigaStudio
gb,Game Boy Sound 引擎日志,GB/GBS,https://en.wikipedia.org/wiki/Game_Boy_Player
gbs,Game Boy Sound 引擎声音,GBS 文件,https://en.wikipedia.org/wiki/Game_Boy_Player
vgm,Video Game Music 日志,VGM,https://en.wikipedia.org/wiki/Video_Game_Music
vgz,VGM gzip 压缩,VGZ,https://en.wikipedia.org/wiki/Video_Game_Music
spc,S SNES 音频样本,SPC700 dump,https://en.wikipedia.org/wiki/SPC700
nsf,NES Sound Format,NSF/NSFE,https://en.wikipedia.org/wiki/NES_Sound_Format
nsfe,NES Sound Format Extended,NSFE,https://en.wikipedia.org/wiki/NES_Sound_Format
hes,Hu6280 Engine Sound,HES PC Engine,https://en.wikipedia.org/wiki/PC_Engine
ay,AY-3-8910 芯片音乐,AY/ZXAY/AYL,https://en.wikipedia.org/wiki/AY-3-8910
gym,GYM Genesis YM2612 音乐,GYM,https://en.wikipedia.org/wiki/Sega_Genesis
kss,KSS Konami Sound System,KSS MSX,https://en.wikipedia.org/wiki/Konami_Sound_System
sgc,SGC SNES SPC 集合,SGC,https://en.wikipedia.org/wiki/SPC700
sap,Atari SAP 音乐,SAP Atari XL,https://en.wikipedia.org/wiki/Atari_XL
s98,S98 PC-98 音频日志,S98,https://en.wikipedia.org/wiki/PC-98
mdx,MDX Sharp X68000 音乐,MDX,https://en.wikipedia.org/wiki/X68000
mdx2,MDX 多文件容器,MDX2,https://en.wikipedia.org/wiki/X68000
mds,MIDI Stream Dump,Multi Sequence File,https://en.wikipedia.org/wiki/MIDI
mdr,Module Multitrack 录音,MDR,https://en.wikipedia.org/wiki/Multitrack_recording
pmd,Professional Music Driver PC-98,PMD,https://en.wikipedia.org/wiki/Professional_Music_Driver
mbm,Rainmeter BM Font 音频,MBM,https://en.wikipedia.org/wiki/Rainmeter
bwav,Broadcast Wave Format (BWF),BWF/BWAV,https://en.wikipedia.org/wiki/Broadcast_Wave_Format
dac,DAC DSD 容器,DAC DSD,https://en.wikipedia.org/wiki/Direct_Stream_Digital
dff,DSDIFF 文件,DSDIFF,https://en.wikipedia.org/wiki/Direct_Stream_Digital
dsf,DSF DSD 容器,DSF DSD,https://en.wikipedia.org/wiki/Direct_Stream_Digital
iso,光盘 ISO 9660 镜像,ISO 9660/UDF,https://en.wikipedia.org/wiki/ISO_9660
cda,CD 音轨 (光盘索引),CDA,https://en.wikipedia.org/wiki/.cda
cdt,CD 文本元数据,CDT,https://en.wikipedia.org/wiki/CD-Text
pls,PLS 播放列表,PLS M3U,https://en.wikipedia.org/wiki/PLS_(file_format)
m3u,M3U 播放列表,M3U/M3U8,https://en.wikipedia.org/wiki/M3U
m3u8,HLS 播放列表,M3U8 UTF-8,https://en.wikipedia.org/wiki/M3U
xspf,XSPF XML Shareable Playlist,XSPF,https://en.wikipedia.org/wiki/XML_Shareable_Playlist_Format
asx,Advanced Stream Redirector (ASX/WMX/WVX),ASX/WMX/WVX/WAX,https://en.wikipedia.org/wiki/Advanced_Stream_Redirector
wax,Windows Media Audio Redirector,WAX,https://en.wikipedia.org/wiki/Advanced_Stream_Redirector
wvx,Windows Media Video Redirector,WVX,https://en.wikipedia.org/wiki/Advanced_Stream_Redirector
wmx,Windows Media Audio/Video Redirector,WMX,https://en.wikipedia.org/wiki/Advanced_Stream_Redirector
aax,Audible Enhanced Format AAX,AAX AAX+,https://en.wikipedia.org/wiki/Audible_(service)
aax+,Audible Enhanced Plus,AAX+ with DRM,https://en.wikipedia.org/wiki/Audible_(service)
aa,Audible Audiobook AA,AA format,https://en.wikipedia.org/wiki/Audible_(service)
mp3pro,MP3 Surround / MP3Pro,MP3Pro,https://en.wikipedia.org/wiki/MP3Pro
mp3hd,MP3HD (Fraunhofer) 无损,MP3HD lossy+lossless,https://en.wikipedia.org/wiki/MP3HD
mov,QuickTime File Format 容器,QTFF/MOV,https://en.wikipedia.org/wiki/QuickTime_File_Format
mp4,MPEG-4 Part 14 容器,MP4/MP42/isom/3gp5,https://en.wikipedia.org/wiki/MP4_file_format
m4v,iTunes MPEG-4 视频,M4V/FairPlay,https://en.wikipedia.org/wiki/M4V
mkv,Matroska 视频容器,MKV/MK3D/WebM,https://en.wikipedia.org/wiki/Matroska
webm,WebM 开放媒体容器,WebM=Matroska+VP8/VP9/AV1,https://en.wikipedia.org/wiki/WebM
flv,Flash Video (FLV),FLV F4V,https://en.wikipedia.org/wiki/Flash_Video
f4v,Flash Video ISO BMFF,F4V,https://en.wikipedia.org/wiki/Flash_Video
f4p,Flash Video 受保护,F4P DRM,https://en.wikipedia.org/wiki/Flash_Video
f4a,Flash Video 音频 F4A,F4A audio,https://en.wikipedia.org/wiki/Flash_Video
f4b,Flash Video 有声书,F4B audiobook,https://en.wikipedia.org/wiki/Flash_Video
swf,Small Web Format (Shockwave Flash),SWF unzipped/ZWS,https://en.wikipedia.org/wiki/SWF
mpv,MPEG-1/2 Video Elementary Stream,MPV/M1V/M2V,https://en.wikipedia.org/wiki/MPEG-1
mpeg,MPEG 系统流容器,MPEG-PS/MPEG-TS,https://en.wikipedia.org/wiki/MPEG_program_stream
mpg,MPEG-1/2 视频文件,MPG/MPEG,https://en.wikipedia.org/wiki/MPEG-1
mpe,MPEG 视频扩展,MPE/MPG,https://en.wikipedia.org/wiki/MPEG-1
m1v,MPEG-1 视频裸流,M1V,https://en.wikipedia.org/wiki/MPEG-1
m2v,MPEG-2 视频裸流,M2V,https://en.wikipedia.org/wiki/MPEG-2
mp4v,MPEG-4 视频裸流,MP4V,https://en.wikipedia.org/wiki/MPEG-4
3gp,3GPP 移动视频容器,3GP/3GPP,https://en.wikipedia.org/wiki/3GP
3g2,3GPP2 移动视频,3G2/3GP2,https://en.wikipedia.org/wiki/3GP
3gpp,3GPP 标准视频,3GPP,https://en.wikipedia.org/wiki/3GP
3gp2,3GPP2 标准视频,3GP2,https://en.wikipedia.org/wiki/3GP
asf,Advanced Systems Format (WMV/WMA),ASF/WMV/WMA,https://en.wikipedia.org/wiki/Advanced_Systems_Format
wmv,Windows Media Video,WMV,https://en.wikipedia.org/wiki/Windows_Media_Video
wm,Windows Media 流,WM/WMV/WMA,https://en.wikipedia.org/wiki/Advanced_Systems_Format
wmv,Windows Media Video,WMV HD/VC-1,https://en.wikipedia.org/wiki/Windows_Media_Video
wmp,Windows Media Player 流,WMP,https://en.wikipedia.org/wiki/Windows_Media_Player
wms,Windows Media 流,WMS,https://en.wikipedia.org/wiki/Advanced_Systems_Format
rv,RealVideo 容器,RV/RMVB,https://en.wikipedia.org/wiki/RealVideo
rmvb,RealMedia Variable Bitrate,RMVB,https://en.wikipedia.org/wiki/RealVideo
ogv,Ogg 视频容器 (Theora),OGV,https://en.wikipedia.org/wiki/Ogg
ogm,Ogg Media (旧版),OGM,https://en.wikipedia.org/wiki/Ogg_Media
drc,Dirac 视频 (BBC),DRC/Dirac Pro,https://en.wikipedia.org/wiki/Dirac_(video_compression_format)
dvr-ms,Microsoft DVR-MS 电视录制,DVR-MS,https://en.wikipedia.org/wiki/DVR-MS
dvr,DVR 通用扩展,DVR,https://en.wikipedia.org/wiki/Digital_video_recorder
ts,MPEG Transport Stream,TS/M2TS/TP,https://en.wikipedia.org/wiki/MPEG_transport_stream
m2ts,Blu-ray BDAV MPEG-2 TS,M2TS/MTS,https://en.wikipedia.org/wiki/Blu-ray
mts,AVCHD MPEG-2 TS,MTS,https://en.wikipedia.org/wiki/AVCHD
m2t,HDV MPEG-2 TS,M2T,https://en.wikipedia.org/wiki/HDV
mt2s,MPEG-4/MPEG-7 TS,MT2S,https://en.wikipedia.org/wiki/MPEG_transport_stream
tp,MPEG-2 TS 扩展,TP/TPR/TRP,https://en.wikipedia.org/wiki/MPEG_transport_stream
tpr,TPP MPEG-2 TS,TPR,https://en.wikipedia.org/wiki/MPEG_transport_stream
trp,MPEG-2 TS 录制,TRP,https://en.wikipedia.org/wiki/MPEG_transport_stream
pva,PVA (MPEG-2 PES Audio Video),PVA,https://en.wikipedia.org/wiki/MPEG_program_stream
evo,HD DVD MPEG-2 TS 容器,EVO,https://en.wikipedia.org/wiki/HD_DVD
mxf,Material Exchange Format 专业媒体,MXF OP-Atom/OP1A,https://en.wikipedia.org/wiki/Material_Exchange_Format
xavc,Sony XAVC MPEG-4 容器,XAVC/XAVC S/XAVC HS,https://en.wikipedia.org/wiki/XAVC
xdcam,Sony XDCAM MXF,XDCAM HD/4K,https://en.wikipedia.org/wiki/XDCAM
avchd,AVCHD (MTS/M2TS),AVCHD,https://en.wikipedia.org/wiki/AVCHD
hdv,HDV 磁带视频,HDV,https://en.wikipedia.org/wiki/HDV
xavc-s,XAVC-S MP4 容器,XAVC-S Long GOP,https://en.wikipedia.org/wiki/XAVC
roq,Id Software RoQ 视频,ROQ,https://en.wikipedia.org/wiki/RoQ
smk,Smacker 视频,SMK,https://en.wikipedia.org/wiki/Smacker
bink,Bink 视频容器,Bink/Bink2,https://en.wikipedia.org/wiki/Bink_(video_format)
bik,Bink 视频文件,BIK,https://en.wikipedia.org/wiki/Bink_(video_format)
nsv,NullSoft Video,NSV,https://en.wikipedia.org/wiki/Nullsoft_Software_Video
nuv,NuppelVideo 时间码,NUV,https://en.wikipedia.org/wiki/NuppelVideo
vfw,Video for Windows,VFW,https://en.wikipedia.org/wiki/Video_for_Windows
rax,Real Audio XML 播放列表,RAX,https://en.wikipedia.org/wiki/RealAudio
prproj,Premiere Pro 项目,PRPROJ,https://en.wikipedia.org/wiki/Adobe_Premiere_Pro
aep,After Effects 项目,AEP/AEPX,https://en.wikipedia.org/wiki/After_Effects
aepx,After Effects XML 项目,AEPX,https://en.wikipedia.org/wiki/After_Effects
ppj,Premiere 6.5 项目,PPJ,https://en.wikipedia.org/wiki/Adobe_Premiere_Pro
drp,DaVinci Resolve 项目,DRP,https://en.wikipedia.org/wiki/DaVinci_Resolve
drpx,DaVinci Resolve XML 项目,DRPX,https://en.wikipedia.org/wiki/DaVinci_Resolve
fcpx,Final Cut Pro X 项目,FCPXML,https://en.wikipedia.org/wiki/Final_Cut_Pro
fcpxml,Final Cut Pro XML,FCPXML,https://en.wikipedia.org/wiki/Final_Cut_Pro
imovieproject,iMovie 项目,iMovie 旧版,https://en.wikipedia.org/wiki/IMovie
imovieproj,iMovie 13 项目,iMovie,https://en.wikipedia.org/wiki/IMovie
mtn,Magix Movie Edit Pro,MTN 自动保存,https://en.wikipedia.org/wiki/Magix
mtl,LightWave 材质文件,MTL,https://en.wikipedia.org/wiki/Wavefront_Technologies
mtp,MuseScore 标签,MuseScore,https://en.wikipedia.org/wiki/MuseScore
mel,Maya Embedded Language,MEL script,https://en.wikipedia.org/wiki/Maya_(software)
xmeml,Final Cut Pro XML 旧版,XMEML,https://en.wikipedia.org/wiki/Final_Cut_Pro
cmx3600,CMX 3600 EDL,CMX3600,https://en.wikipedia.org/wiki/Edit_decision_list
edl,Edit Decision List (CMX/FCP),EDL,https://en.wikipedia.org/wiki/Edit_decision_list
xml,XML 通用标记,EDL/FCPXML/ALE,https://en.wikipedia.org/wiki/XML
c4d,Maxon Cinema 4D 项目,C4D,https://en.wikipedia.org/wiki/Cinema_4D
mb,Maya 二进制场景,MB/MA,https://en.wikipedia.org/wiki/Autodesk_Maya
ma,Maya ASCII 场景,MA,https://en.wikipedia.org/wiki/Autodesk_Maya
blend,Blender 项目,BLEND,https://en.wikipedia.org/wiki/Blender_(software)
blend1,Blender 备份扩展,BLEND1/BLEND2,https://en.wikipedia.org/wiki/Blender_(software)
blend2,Blender 二次备份,BLEND2,https://en.wikipedia.org/wiki/Blender_(software)
3ds,3D Studio Max 网格,3DS,https://en.wikipedia.org/wiki/.3ds
max,3ds Max 场景,MAX,https://en.wikipedia.org/wiki/Autodesk_3ds_Max
lxo,Modo 场景,LXO,https://en.wikipedia.org/wiki/Modo_(software)
lwo,LightWave 3D Object,LWO/LWO2,https://en.wikipedia.org/wiki/LightWave_3D
lws,LightWave 场景,LWS,https://en.wikipedia.org/wiki/LightWave_3D
fbx,Filmbox 交换格式,FBX ASCII/binary,https://en.wikipedia.org/wiki/FBX
obj,Wavefront OBJ 模型,OBJ,https://en.wikipedia.org/wiki/Wavefront_.obj_file
dae,COLLADA 数字资产交换,DAE,https://en.wikipedia.org/wiki/COLLADA
abc,Alembic 场景缓存,ABC,https://en.wikipedia.org/wiki/Alembic_(computer_graphics)
usd,Universal Scene Description,USD/USDz,https://en.wikipedia.org/wiki/Universal_Scene_Description
usdz,Apple USD ZIP 容器,USDZ,https://en.wikipedia.org/wiki/Universal_Scene_Description
glb,glTF 二进制容器,GLB,https://en.wikipedia.org/wiki/GlTF
gltf,glTF JSON 3D 模型,glTF/glb,https://en.wikipedia.org/wiki/GlTF
mdd,Pointcache MDD,Motion Designer,https://en.wikipedia.org/wiki/Point_cache
mc,MoxieCode 备份,MC,https://en.wikipedia.org/wiki/Moxiecode
srt,SubRip 字幕,SRT,https://en.wikipedia.org/wiki/SubRip
sub,MicroDVD/VobSub 字幕,SUB,https://en.wikipedia.org/wiki/MicroDVD
idx,VobSub 字幕索引,IDX,https://en.wikipedia.org/wiki/VobSub
ssa,Sub Station Alpha,SSA,https://en.wikipedia.org/wiki/SubStation_Alpha
ass,Advanced SubStation Alpha,ASS,https://en.wikipedia.org/wiki/SubStation_Alpha
vtt,WebVTT 字幕,VTT,https://en.wikipedia.org/wiki/WebVTT
ttml,Timed Text Markup Language,TTML/DFXP,https://en.wikipedia.org/wiki/Timed_Text_Markup_Language
dfxp,Distribution Format Exchange Profile,DFXP,https://en.wikipedia.org/wiki/Timed_Text_Markup_Language
smi,SAMI HTML 字幕,SMI,https://en.wikipedia.org/wiki/SAMI
smil,SMIL 同步多媒体,SMIL,https://en.wikipedia.org/wiki/Synchronized_Multimedia_Integration_Language
rt,RealText 流式字幕,RT,https://en.wikipedia.org/wiki/RealText
stl,Spruce STL/SMPTE,STL subtitle,https://en.wikipedia.org/wiki/EBU_STL
pac,Spruce subtitle PAC,PAC,https://en.wikipedia.org/wiki/EBU_STL
sup,Blu-ray PGS 字幕,SUP,https://en.wikipedia.org/wiki/Blu-ray
mks,MKV 字幕/章节,MKS,https://en.wikipedia.org/wiki/Matroska
img,光盘原始镜像,IMG,https://en.wikipedia.org/wiki/Disk_image
bin,二进制光盘镜像,BIN/CUE,https://en.wikipedia.org/wiki/Cue_sheet_(computing)
cue,Cue Sheet 描述符,CUE,https://en.wikipedia.org/wiki/Cue_sheet_(computing)
nrg,Nero Burning ROM 镜像,NRG,https://en.wikipedia.org/wiki/Nero_Burning_ROM
mdf,Alcohol 120% 媒体描述,MDF/MDS,https://en.wikipedia.org/wiki/Alcohol_120%
mds,Alcohol 120% 元数据,MDS,https://en.wikipedia.org/wiki/Alcohol_120%
ccd,CloneCD 描述符,CCD/SUB/IMG,https://en.wikipedia.org/wiki/CloneCD
dvd,DVD 镜像/视频文件,DVD,https://en.wikipedia.org/wiki/DVD
vob,DVD Video Object,VOB,https://en.wikipedia.org/wiki/DVD-Video
ifo,DVD 信息文件,IFO/BUP,https://en.wikipedia.org/wiki/DVD-Video
bup,DVD 备份 IFO,BUP,https://en.wikipedia.org/wiki/DVD-Video
mpd,MPEG-DASH 清单,MPD,https://en.wikipedia.org/wiki/Dynamic_Adaptive_Streaming_over_HTTP
m4s,MPEG-DASH 分段,M4S,https://en.wikipedia.org/wiki/Dynamic_Adaptive_Streaming_over_HTTP
hls,HTTP Live Streaming,HLS/M3U8,https://en.wikipedia.org/wiki/HTTP_Live_Streaming
hds,HTTP Dynamic Streaming (Adobe),HDS/F4M,https://en.wikipedia.org/wiki/HTTP_Dynamic_Streaming
hss,HTTP Smooth Streaming (MS),HSS/ISM,https://en.wikipedia.org/wiki/Adaptive_bitrate_streaming#Microsoft_Smooth_Streaming
htm,HTML 流式清单,HTM/HTML,https://en.wikipedia.org/wiki/HTML
pvr,PowerVR 视频,PVR,https://en.wikipedia.org/wiki/Imagination_Technologies
prx,PS3 游戏代理/PRX,PRX,https://en.wikipedia.org/wiki/PlayStation_3_system_software
tivo,TiVo 录制文件,TiVo,https://en.wikipedia.org/wiki/TiVo
tmf,TiVo Meta File,TMF,https://en.wikipedia.org/wiki/TiVo
tts,TTS 文本转语音,TTS,https://en.wikipedia.org/wiki/Text-to-speech
ttp,TeleType,TTP,https://en.wikipedia.org/wiki/Teleprinter
rec,Topfield/录播文件,REC,https://en.wikipedia.org/wiki/Digital_video_recorder
trc,Time Reference Code,TRC,https://en.wikipedia.org/wiki/Timecode
rtmp,Real-Time Messaging Protocol,RTMP/RTMPE,https://en.wikipedia.org/wiki/Real-Time_Messaging_Protocol
rtsp,Real-Time Streaming Protocol,RTSP,https://en.wikipedia.org/wiki/Real_Time_Streaming_Protocol
zip,PKZIP 归档压缩,ZIP/Zip64,https://en.wikipedia.org/wiki/ZIP_(file_format)
zipx,WinZip 扩展归档,ZIPX,https://en.wikipedia.org/wiki/ZIP_(file_format)
zip64,大于 4GB ZIP 扩展,ZIP64,https://en.wikipedia.org/wiki/ZIP_(file_format)
jar,Java ARchive,JAR,https://en.wikipedia.org/wiki/JAR_(file_format)
war,Web Application Archive,WAR,https://en.wikipedia.org/wiki/WAR_(file_format)
ear,Enterprise Application Archive,EAR,https://en.wikipedia.org/wiki/EAR_(file_format)
apk,Android Package,APK/AAB,https://en.wikipedia.org/wiki/Apk_(file_format)
ipa,iOS App Store Package,IPA,https://en.wikipedia.org/wiki/.ipa
xap,Windows Phone XAP 容器,XAP,https://en.wikipedia.org/wiki/XAP_(file_format)
xpi,Mozilla 扩展包,XPI,https://en.wikipedia.org/wiki/XPInstall
crx,Chrome 扩展包,CRX,https://en.wikipedia.org/wiki/Chrome_Extensions
epub,Open eBook,ePub2/ePub3,https://en.wikipedia.org/wiki/EPUB
odt,OpenDocument 文本,ODT/ODS/ODP,https://en.wikipedia.org/wiki/OpenDocument
ods,OpenDocument 电子表格,ODS,https://en.wikipedia.org/wiki/OpenDocument
odp,OpenDocument 演示文稿,ODP,https://en.wikipedia.org/wiki/OpenDocument
docx,Office Open XML Word,DOCX/DOCM,https://en.wikipedia.org/wiki/Office_Open_XML
xlsx,Office Open XML Excel,XLSX,https://en.wikipedia.org/wiki/Office_Open_XML
pptx,Office Open XML PowerPoint,PPTX,https://en.wikipedia.org/wiki/Office_Open_XML
rar,RAR 归档 (Roshal),RAR/RAR5,https://en.wikipedia.org/wiki/RAR_(file_format)
rar5,RAR5 归档版本,RAR5,https://en.wikipedia.org/wiki/RAR_(file_format)
rev,WinRAR 恢复卷,REV,https://en.wikipedia.org/wiki/RAR_(file_format)
r00,RAR 多卷第 1 卷,R00-R99,https://en.wikipedia.org/wiki/RAR_(file_format)
r01,RAR 多卷第 2 卷,R01-R99,https://en.wikipedia.org/wiki/RAR_(file_format)
7z,7-Zip 归档,7Z/7z,https://en.wikipedia.org/wiki/7z
7z.001,7-Zip 多卷第一段,7z.001,https://en.wikipedia.org/wiki/7z
7z.002,7-Zip 多卷第二段,7z.002,https://en.wikipedia.org/wiki/7z
tar,Unix Tape ARchive,TAR/USTAR/PAX/GNU,https://en.wikipedia.org/wiki/Tar_(file_format)
tar.gz,gzip 压缩 tar,TGZ,https://en.wikipedia.org/wiki/Gzip
tar.bz2,bzip2 压缩 tar,TBZ2/TBZ,https://en.wikipedia.org/wiki/Bzip2
tbz2,bzip2 压缩 tar,TBZ2,https://en.wikipedia.org/wiki/Bzip2
tbz,bzip2 压缩 tar,TBZ,https://en.wikipedia.org/wiki/Bzip2
tar.xz,xz 压缩 tar,TXZ,https://en.wikipedia.org/wiki/Xz
xz,XZ 压缩,xz,https://en.wikipedia.org/wiki/Xz
xz.001,XZ 多卷第一段,xz.001,https://en.wikipedia.org/wiki/Xz
tar.lz,lzip 压缩 tar,TAR.LZ,https://en.wikipedia.org/wiki/Lzip
tar.lzma,LZMA 压缩 tar,TAR.LZMA,https://en.wikipedia.org/wiki/LZMA
tar.Z,Unix compress tar,TAR.Z,https://en.wikipedia.org/wiki/Compress
tar.zst,zstd 压缩 tar,TZST,https://en.wikipedia.org/wiki/Zstd
tzst,zstd 压缩 tar,TZST,https://en.wikipedia.org/wiki/Zstd
tar.lzo,lzop 压缩 tar,TAR.LZO,https://en.wikipedia.org/wiki/Lzop
tar.lrz,lrzip 压缩 tar,TAR.LRZ,https://en.wikipedia.org/wiki/Lrzip
gz,gzip 压缩,GZ/GZIP,https://en.wikipedia.org/wiki/Gzip
gzip,Gzip 压缩,GNU Gzip,https://en.wikipedia.org/wiki/Gzip
bz2,bzip2 压缩,BZ2/BZ,https://en.wikipedia.org/wiki/Bzip2
bz,bzip2 压缩,BZ,https://en.wikipedia.org/wiki/Bzip2
bzip2,Bzip2 压缩,bzip2,https://en.wikipedia.org/wiki/Bzip2
lzma,LZMA 压缩流,LZMA,https://en.wikipedia.org/wiki/LZMA
zst,Zstandard 压缩,ZST,https://en.wikipedia.org/wiki/Zstd
zstd,Zstandard 压缩,ZSTD,https://en.wikipedia.org/wiki/Zstd
lz4,LZ4 压缩,LZ4 frame,https://en.wikipedia.org/wiki/LZ4
lzo,LZO 压缩,LZO,https://en.wikipedia.org/wiki/LZO
lzop,lzop 压缩,LZOP,https://en.wikipedia.org/wiki/Lzop
lz,Lzip 压缩,LZ,https://en.wikipedia.org/wiki/Lzip
Z,Unix compress 压缩,Z/TAR.Z,https://en.wikipedia.org/wiki/Compress
cab,Microsoft Cabinet 归档,CAB,https://en.wikipedia.org/wiki/Cabinet_(file_format)
msi,Windows Installer 包,MSI/MSP/MST,https://en.wikipedia.org/wiki/Windows_Installer
msp,Windows Installer 补丁,MSP,https://en.wikipedia.org/wiki/Windows_Installer
mst,Windows Installer 转换,MST,https://en.wikipedia.org/wiki/Windows_Installer
mun,Windows 安装卸载日志,MUN,https://en.wikipedia.org/wiki/Windows_Installer
msu,Windows 更新独立包,MSU,https://en.wikipedia.org/wiki/Windows_Update
doc,旧版 Word DOC 复合文件,DOC,https://en.wikipedia.org/wiki/DOC_(computing)
xls,旧版 Excel XLS 复合文件,XLS,https://en.wikipedia.org/wiki/Microsoft_Excel
ppt,旧版 PowerPoint PPT 复合文件,PPT,https://en.wikipedia.org/wiki/Microsoft_PowerPoint
ar,Unix 静态库归档,AR,https://en.wikipedia.org/wiki/Ar_(Unix)
deb,Debian 软件包,DEB/UDEB,https://en.wikipedia.org/wiki/Deb_(file_format)
cpio,Cpio 归档,CPIO,https://en.wikipedia.org/wiki/Cpio
rpm,Red Hat Package Manager,RPM/SRPM,https://en.wikipedia.org/wiki/RPM_Package_Manager
src.rpm,RPM 源码包,SRPM,https://en.wikipedia.org/wiki/RPM_Package_Manager
udeb,Mini Debian 调试包,UDEB,https://en.wikipedia.org/wiki/Deb_(file_format)
aab,Android App Bundle,AAB,https://en.wikipedia.org/wiki/Android_App_Bundle
appx,Windows 应用包,APPX/APPXBUNDLE,https://en.wikipedia.org/wiki/APPX
appxbundle,Windows 应用包 Bundle,APPXBUNDLE,https://en.wikipedia.org/wiki/APPX
apks,APK Set (Bundle),APKS,https://en.wikipedia.org/wiki/Android_App_Bundle
xapk,APK 集合 (OBB),XAPK,https://en.wikipedia.org/wiki/Android_App_Bundle
sar,Service ARchive (EJB),SAR,https://en.wikipedia.org/wiki/WAR_(file_format)
pkg,macOS Installer flat package,PKG,https://en.wikipedia.org/wiki/Installer_(macOS)
mpkg,macOS 多软件包,MPKG,https://en.wikipedia.org/wiki/Installer_(macOS)
dmg,Apple Disk Image,DMG/SMI,https://en.wikipedia.org/wiki/Apple_Disk_Image
cdr,Mac OS X 磁盘镜像,CDR,https://en.wikipedia.org/wiki/Apple_Disk_Image
smi,Self-Mounting Image,SMI,https://en.wikipedia.org/wiki/Apple_Disk_Image
sit,StuffIt 归档,SIT,https://en.wikipedia.org/wiki/StuffIt
sitx,StuffIt X 扩展归档,SITX,https://en.wikipedia.org/wiki/StuffIt
pkg.tar.xz,Arch Linux 包,pkg.tar.xz,https://en.wikipedia.org/wiki/Arch_Linux
pkg.tar.gz,Arch Linux 包,pkg.tar.gz,https://en.wikipedia.org/wiki/Arch_Linux
pkg.tar.zst,Arch Linux 包,pkg.tar.zst,https://en.wikipedia.org/wiki/Arch_Linux
udf,UDF 文件系统镜像,UDF,https://en.wikipedia.org/wiki/Universal_Disk_Format
gpg,GNU Privacy Guard 签名,GPG,https://en.wikipedia.org/wiki/GNU_Privacy_Guard
pgp,Pretty Good Privacy 签名,PGP,https://en.wikipedia.org/wiki/Pretty_Good_Privacy
asc,ASCII 加密签名,ASC,https://en.wikipedia.org/wiki/Pretty_Good_Privacy
sig,数字签名,SIG,https://en.wikipedia.org/wiki/Digital_signature
pem,Privacy-Enhanced Mail 证书,PEM,https://en.wikipedia.org/wiki/Privacy-Enhanced_Mail
p12,PKCS#12 证书容器,P12,https://en.wikipedia.org/wiki/PKCS_12
pfx,PKCS#12 旧扩展名,PFX,https://en.wikipedia.org/wiki/PKCS_12
key,私钥文件,KEY,https://en.wikipedia.org/wiki/Public_key_certificate
001,多卷第 1 段,001/002...,https://en.wikipedia.org/wiki/File_splitting
002,多卷第 2 段,002,https://en.wikipedia.org/wiki/File_splitting
part1,部分文件第 1 部分,part1.part2,https://en.wikipedia.org/wiki/File_splitting
part2,部分文件第 2 部分,part2,https://en.wikipedia.org/wiki/File_splitting
z01,ZIP 多卷第 2 段,z01/z02,https://en.wikipedia.org/wiki/ZIP_(file_format)
z02,ZIP 多卷第 3 段,z02,https://en.wikipedia.org/wiki/ZIP_(file_format)
ace,ACE 归档 (e-merge),ACE,https://en.wikipedia.org/wiki/ACE_(file_format)
arc,ARC 归档,ARC,https://en.wikipedia.org/wiki/ARC_(file_format)
arj,ARJ 归档,ARJ,https://en.wikipedia.org/wiki/ARJ
lha,LHA 归档,LHA/LZH,https://en.wikipedia.org/wiki/LHA_(file_format)
lzh,LZH 归档,LZH,https://en.wikipedia.org/wiki/LHA_(file_format)
bak,通用备份,BAK,https://en.wikipedia.org/wiki/Backup
tmp,临时文件,TMP,https://en.wikipedia.org/wiki/Temporary_file
old,旧版本备份,OLD,https://en.wikipedia.org/wiki/Backup
sav,程序保存,SAV,https://en.wikipedia.org/wiki/SAV_(file_format)
swp,Vim swap 文件,SWP/SWO,https://en.wikipedia.org/wiki/Vim_(text_editor)
swo,Vim swap 备用扩展,SWO,https://en.wikipedia.org/wiki/Vim_(text_editor)
pack,Git pack 文件,PACK,https://en.wikipedia.org/wiki/Git
idx,Git pack 索引,IDX,https://en.wikipedia.org/wiki/Git
exe,Windows 可执行 (PE/MZ),EXE MZ/PE,https://en.wikipedia.org/wiki/.exe
dll,Windows 动态链接库,DLL PE,https://en.wikipedia.org/wiki/Dynamic-link_library
com,旧版 DOS 可执行,COM (CP/M),https://en.wikipedia.org/wiki/COM_file
scr,Windows 屏保,SCR,https://en.wikipedia.org/wiki/Screensaver
cpl,Windows 控制面板项,CPL,https://en.wikipedia.org/wiki/Control_Panel_(Windows)
ocx,OLE 控件扩展,OCX,https://en.wikipedia.org/wiki/Object_Linking_and_Embedding
ax,ActiveX 控件,AX,https://en.wikipedia.org/wiki/ActiveX
sys,Windows 设备驱动/系统文件,SYS,https://en.wikipedia.org/wiki/SYS_(file_extension)
drv,旧版 Windows 驱动,DRV,https://en.wikipedia.org/wiki/Windows_Driver_Model
efi,UEFI 可执行,EFI,https://en.wikipedia.org/wiki/Unified_Extensible_Firmware_Interface
pif,程序信息文件 DOS/Windows,PIF,https://en.wikipedia.org/wiki/Program_information_file
gadget,Windows Vista Gadget,GADGET,https://en.wikipedia.org/wiki/Windows_Vista_gadgets
hta,HTML 应用程序,HTA,https://en.wikipedia.org/wiki/HTML_Application
msc,Microsoft 管理控制台,MSC,https://en.wikipedia.org/wiki/Microsoft_Management_Console
vbs,VBScript 脚本,VBS,https://en.wikipedia.org/wiki/VBScript
vbe,VBScript 编码脚本,VBE,https://en.wikipedia.org/wiki/VBScript
jse,JScript 编码脚本,JSE,https://en.wikipedia.org/wiki/JScript
wsf,Windows Script File,WSF,https://en.wikipedia.org/wiki/Windows_Script_Host
wsh,Windows Script Host 设置,WSH,https://en.wikipedia.org/wiki/Windows_Script_Host
psc1,PowerShell 脚本,PSC1,https://en.wikipedia.org/wiki/PowerShell
elf,Executable and Linkable Format,ELF,https://en.wikipedia.org/wiki/Executable_and_Linkable_Format
o,Unix 目标文件,.o/.obj,https://en.wikipedia.org/wiki/Object_file
so,Shared Object 共享库,SO,https://en.wikipedia.org/wiki/Shared_library
a,Unix 静态库,.a archive,https://en.wikipedia.org/wiki/Static_library
ko,Linux 内核模块,KO,https://en.wikipedia.org/wiki/Kernel_module
sh,Bourne shell 脚本,SH/BASH,https://en.wikipedia.org/wiki/Bourne_shell
bash,GNU Bash 脚本,BASH,https://en.wikipedia.org/wiki/Bash_(Unix_shell)
zsh,Z shell 脚本,ZSH,https://en.wikipedia.org/wiki/Z_shell
csh,C shell 脚本,CSH/TCSH,https://en.wikipedia.org/wiki/C_shell
ksh,Korn shell 脚本,KSH,https://en.wikipedia.org/wiki/KornShell
fish,Friendly Interactive Shell,FISH,https://en.wikipedia.org/wiki/Fish_(shell)
py,Python 脚本,PY,https://en.wikipedia.org/wiki/Python_(programming_language)
pl,Perl 脚本,PL/PM,https://en.wikipedia.org/wiki/Perl
rb,Ruby 脚本,RB,https://en.wikipedia.org/wiki/Ruby_(programming_language)
php,PHP 脚本,PHP,https://en.wikipedia.org/wiki/PHP
js,JavaScript 脚本,JS/MJS,https://en.wikipedia.org/wiki/JavaScript
lua,Lua 脚本,LUA,https://en.wikipedia.org/wiki/Lua_(programming_language)
tcl,Tcl 脚本,TCL,https://en.wikipedia.org/wiki/Tcl
awk,AWK 脚本,AWK,https://en.wikipedia.org/wiki/AWK
app,macOS 应用程序包,APP,https://en.wikipedia.org/wiki/Bundle_(macOS)
bundle,macOS 包,bundle,https://en.wikipedia.org/wiki/Bundle_(macOS)
macho,Mach-O 二进制,Mach-O,https://en.wikipedia.org/wiki/Mach-O
dylib,macOS 动态库,Dynamic Library,https://en.wikipedia.org/wiki/Mach-O
kext,macOS 内核扩展,kext,https://en.wikipedia.org/wiki/Kernel_extension
framework,macOS framework 目录,Framework,https://en.wikipedia.org/wiki/Framework
class,Java 字节码,CLASS,https://en.wikipedia.org/wiki/Java_class_file
jmod,Java 模块,JMOD,https://en.wikipedia.org/wiki/JMOD
il,.NET IL 字节码,IL/MSIL/CIL,https://en.wikipedia.org/wiki/Common_Intermediate_Language
pdb,Program Debug Database,PDB,https://en.wikipedia.org/wiki/Program_database
wasm,WebAssembly 二进制,WASM,https://en.wikipedia.org/wiki/WebAssembly
wat,WebAssembly 文本,WAT,https://en.wikipedia.org/wiki/WebAssembly
html,Emscripten 输出 HTML,HTML,https://en.wikipedia.org/wiki/HTML
pyc,Python 编译字节码,PYC/PYO,https://en.wikipedia.org/wiki/Python_(programming_language)
pyo,Python 优化字节码,PYO,https://en.wikipedia.org/wiki/Python_(programming_language)
rbc,Ruby 编译字节码,RBC,https://en.wikipedia.org/wiki/Ruby_(programming_language)
dex,Android Dalvik 可执行,DEX,https://en.wikipedia.org/wiki/Dalvik_(software)
oat,Android OAT 优化 DEX,OAT,https://en.wikipedia.org/wiki/Android_Runtime
art,Android Runtime 字节码,ART,https://en.wikipedia.org/wiki/Android_Runtime
vdex,Android verified DEX,VDEX,https://en.wikipedia.org/wiki/Android_Runtime
svc,Windows 服务可执行,SVC,https://en.wikipedia.org/wiki/Windows_service
bin,通用二进制/Boot ROM,BIN,https://en.wikipedia.org/wiki/Binary_file
hex,Intel HEX 固件,HEX,https://en.wikipedia.org/wiki/Intel_HEX
rom,只读存储器镜像,ROM,https://en.wikipedia.org/wiki/Read-only_memory
fw,通用固件,FW,https://en.wikipedia.org/wiki/Firmware
upd,固件更新包,UPD,https://en.wikipedia.org/wiki/Firmware
dfu,Device Firmware Upgrade,DFU,https://en.wikipedia.org/wiki/Device_firmware_upgrade
enc,加密/编码文件,ENC,https://en.wikipedia.org/wiki/Encryption
mbr,主引导记录,MBR,https://en.wikipedia.org/wiki/Master_boot_record
vbr,卷引导记录,VBR,https://en.wikipedia.org/wiki/Volume_boot_record
vhd,Virtual Hard Disk,VHD,https://en.wikipedia.org/wiki/Virtual_Hard_Disk
vhdx,Hyper-V VHDX,VHDX,https://en.wikipedia.org/wiki/Virtual_Hard_Disk
vmdk,VMware 虚拟磁盘,VMDK,https://en.wikipedia.org/wiki/VMDK
ova,Open Virtualization Archive,OVA,https://en.wikipedia.org/wiki/Open_Virtualization_Format
ovmf,OVMF UEFI 固件,OVMF,https://en.wikipedia.org/wiki/Open_Virtualization_Format
ttf,TrueType Font,TTF/TTC,https://en.wikipedia.org/wiki/TrueType
otf,OpenType Font,OTF,https://en.wikipedia.org/wiki/OpenType
ttc,TrueType Collection,TTC,https://en.wikipedia.org/wiki/TrueType
otc,OpenType Collection,OTC,https://en.wikipedia.org/wiki/OpenType
dfont,Mac OS X Data Fork Font,DFONT,https://en.wikipedia.org/wiki/DFONT
pfa,PostScript Font ASCII,PFA,https://en.wikipedia.org/wiki/PostScript_fonts
pfb,PostScript Font Binary,PFB,https://en.wikipedia.org/wiki/PostScript_fonts
afm,Adobe Font Metrics,AFM,https://en.wikipedia.org/wiki/Adobe_Font_Metrics
inf,PostScript 字体 Info,INF,https://en.wikipedia.org/wiki/Adobe_Font_Metrics
fon,Windows 位图字体,FON,https://en.wikipedia.org/wiki/Bitmap_font
fnt,Windows 位图字体,FNT,https://en.wikipedia.org/wiki/Bitmap_font
bdf,Glyph Bitmap Distribution,BDF,https://en.wikipedia.org/wiki/Glyph_Bitmap_Distribution_Format
pcf,Portable Compiled Font,PCF,https://en.wikipedia.org/wiki/Portable_Compiled_Format
psf,PC Screen Font,PSF/PSFU,https://en.wikipedia.org/wiki/PC_Screen_Font
psfu,PC Screen Font Unicode,PSFU,https://en.wikipedia.org/wiki/PC_Screen_Font
gsf,GIMP 可缩放字体,GSF,https://en.wikipedia.org/wiki/GIMP
snf,Sun NewsReader Font,SNF,https://en.wikipedia.org/wiki/Sun_Microsystems
woff,Web Open Font Format,WOFF,https://en.wikipedia.org/wiki/Web_Open_Font_Format
woff2,WOFF 2.0 (Brotli 压缩),WOFF2,https://en.wikipedia.org/wiki/Web_Open_Font_Format
eot,Embedded OpenType,EOT,https://en.wikipedia.org/wiki/Embedded_OpenType
svg,SVG 可缩放矢量 (字体子集),SVG,https://en.wikipedia.org/wiki/Scalable_Vector_Graphics
t42,Type 42 PostScript 字体,T42,https://en.wikipedia.org/wiki/PostScript_fonts
cff,Compact Font Format,CFF,https://en.wikipedia.org/wiki/PostScript_fonts
cef,Compact Embedded Font,CEF,https://en.wikipedia.org/wiki/OpenType
pfm,Printer Font Metrics,PFM,https://en.wikipedia.org/wiki/Adobe_Font_Metrics
stl,Stereolithography 3D 模型,STL ASCII/Binary,https://en.wikipedia.org/wiki/STL_(file_format)
ply,Polygon File Format,PLY ASCII/Binary,https://en.wikipedia.org/wiki/PLY_(file_format)
x,DirectX .X 3D 模型,X Text/Binary,https://en.wikipedia.org/wiki/DirectX
y,Alias Maya IGES,Y (IGES),https://en.wikipedia.org/wiki/IGES
z,Alias Maya Z (NURBS),Z (NURBS),https://en.wikipedia.org/wiki/IGES
dds,DirectDraw Surface 纹理,DDS DX9/DX10/DX11,https://en.wikipedia.org/wiki/DirectDraw_Surface
ktx,Khronos Texture,KTX,https://en.wikipedia.org/wiki/KTX_(file_format)
ktx2,Khronos Texture 2.0,KTX2 Basis,https://en.wikipedia.org/wiki/KTX_(file_format)
pvr,PowerVR Texture,PVR/PVRTC,https://en.wikipedia.org/wiki/PVRTC
astc,Adaptive Scalable Texture Compression,ASTC,https://en.wikipedia.org/wiki/Adaptive_scalable_texture_compression
basis,Basis Universal 纹理,Basis,https://en.wikipedia.org/wiki/Basis_Universal
pkm,ETC1/PKM 纹理,PKM,https://en.wikipedia.org/wiki/Ericsson_Texture_Compression
pvr.ccz,PVR 压缩纹理 CCZ,PVR.CCZ,https://en.wikipedia.org/wiki/PVRTC
etc1,ETC1 (Ericsson Texture Compression),ETC1,https://en.wikipedia.org/wiki/Ericsson_Texture_Compression
etc2,ETC2 / EAC 纹理,ETC2,https://en.wikipedia.org/wiki/Ericsson_Texture_Compression
bsp,Quake Binary Space Partition,BSP,https://en.wikipedia.org/wiki/Quake_engine
wad,Quake WAD 资源包,WAD,https://en.wikipedia.org/wiki/Doom_engine
pk3,Quake 3 PK3 (ZIP),PK3/PK4,https://en.wikipedia.org/wiki/Quake_III_Arena
pk4,Quake 4 PK4 (ZIP),PK4,https://en.wikipedia.org/wiki/Quake_III_Arena
vpk,Valve Pak VPK,Source Engine VPK,https://en.wikipedia.org/wiki/Source_engine
gma,Garry's Mod Addon,GMA,https://en.wikipedia.org/wiki/Garry%27s_Mod
bns,BNE/BioWare BNS,BNS,https://en.wikipedia.org/wiki/BioWare
unity3d,Unity 资源包,UNITY3D,https://en.wikipedia.org/wiki/Unity_(game_engine)
asset,Unity Asset Bundle,ASSET/ASSETS,https://en.wikipedia.org/wiki/Unity_(game_engine)
assets,Unity 多资产包,ASSETS,https://en.wikipedia.org/wiki/Unity_(game_engine)
ab,Unity Asset Bundle,AB/AAB,https://en.wikipedia.org/wiki/Unity_(game_engine)
aab,Android App Bundle,AAB,https://en.wikipedia.org/wiki/Android_App_Bundle
pak,通用打包文件,PAK,https://en.wikipedia.org/wiki/Package_format
bs,Bethesda Softworks BS,BS,https://en.wikipedia.org/wiki/Bethesda_Softworks
mpq,Blizzard Mo'PaQ,MPQ/MPQ2/MPQ3,https://en.wikipedia.org/wiki/MPQ_(file_format)
mpq2,MPQ v2 (WoW),MPQ2,https://en.wikipedia.org/wiki/MPQ_(file_format)
mpq3,MPQ v3 (WoW Cataclysm),MPQ3,https://en.wikipedia.org/wiki/MPQ_(file_format)
dayz,DayZ 资源,DayZ PBO,https://en.wikipedia.org/wiki/DayZ
vpp,Rockstar VPP,VPP,https://en.wikipedia.org/wiki/Rockstar_Games
rpf,Rockstar Package File,RPF,https://en.wikipedia.org/wiki/Rockstar_Advanced_Game_Engine
rdr2,Red Dead Redemption 2 资源,RDR2,https://en.wikipedia.org/wiki/Red_Dead_Redemption_2
hkx,Havok 2.x 物理,HKX,https://en.wikipedia.org/wiki/Havok_(software)
havok,Havok 1.x 物理,HAVOK,https://en.wikipedia.org/wiki/Havok_(software)
bhd,Binary Header Descriptor (Cemu Wii U),BHD,https://en.wikipedia.org/wiki/Cemu
bhav,Bethesda Behavior,BHAV,https://en.wikipedia.org/wiki/Bethesda_Softworks
nif,NetImmerse/Gamebryo NIF,NIF,https://en.wikipedia.org/wiki/NetImmerse
kf,Gamebryo KF 动画,KF,https://en.wikipedia.org/wiki/Gamebryo
egm,Enigma Game Engine,EGM,https://en.wikipedia.org/wiki/Enigma_(game_engine)
fnt,AngelCode BMFont 字体描述,FNT/BMFONT,https://en.wikipedia.org/wiki/Bitmap_font
bmfont,BITMAP BMFont 字形图,BMFONT,https://en.wikipedia.org/wiki/Bitmap_font
fntx,Unity TMP 字体 FNTX,FNTX,https://en.wikipedia.org/wiki/Unity_(game_engine)
font,Unity TMP 字体,FONT,https://en.wikipedia.org/wiki/Unity_(game_engine)
textformat,Unity TMP 文本格式,TEXTFORMAT,https://en.wikipedia.org/wiki/Unity_(game_engine)
oel,OpenEXR ID/Loose,OEL,https://en.wikipedia.org/wiki/OpenEXR
msdf,Multi-channel Signed Distance Field,MSDF,https://en.wikipedia.org/wiki/Signed_distance_field
fx,Microsoft FX shader,FX/FXH,https://en.wikipedia.org/wiki/High-Level_Shading_Language
fxh,HLSL 头文件,FXH,https://en.wikipedia.org/wiki/High-Level_Shading_Language
hlsl,HLSL 源,HLSL,https://en.wikipedia.org/wiki/High-Level_Shading_Language
glsl,OpenGL GLSL,GLSL/VERT/FRAG,https://en.wikipedia.org/wiki/OpenGL_Shading_Language
vert,GLSL 顶点着色器,VERT,https://en.wikipedia.org/wiki/Vertex_shader
frag,GLSL 片元着色器,FRAG,https://en.wikipedia.org/wiki/Fragment_shader
geom,GLSL 几何着色器,GEOM,https://en.wikipedia.org/wiki/Geometry_shader
comp,GLSL 计算着色器,COMP,https://en.wikipedia.org/wiki/Compute_shader
tesc,GLSL 镶嵌控制着色器,TESC,https://en.wikipedia.org/wiki/Tessellation_indirect
tese,GLSL 镶嵌求值着色器,TESE,https://en.wikipedia.org/wiki/Tessellation_indirect
spv,SPIR-V 中间表示,SPV,https://en.wikipedia.org/wiki/Standard_Portable_Intermediate_Representation
spirv,SPIR-V 二进制,SPIRV,https://en.wikipedia.org/wiki/Standard_Portable_Intermediate_Representation
dxbc,DirectX Bytecode,DXBC,https://en.wikipedia.org/wiki/High-Level_Shading_Language
cso,Compiled Shader Object,CSO,https://en.wikipedia.org/wiki/High-Level_Shading_Language
res,Visual Studio 资源,RES,https://en.wikipedia.org/wiki/Resource_(Windows)
resources,Unity Resources 目录,RESOURCES,https://en.wikipedia.org/wiki/Unity_(game_engine)
data,游戏数据文件夹,.data,https://en.wikipedia.org/wiki/Game_data
big,GRAND.BIG 资源,big,https://en.wikipedia.org/wiki/GRAND
bik2,Bink 视频 v2,BIK2,https://en.wikipedia.org/wiki/Bink_(video_format)
bik3,Bink 视频 v3,BIK3,https://en.wikipedia.org/wiki/Bink_(video_format)
bik4,Bink 视频 v4,BIK4,https://en.wikipedia.org/wiki/Bink_(video_format)
bk2,Bink 视频 v2 文件,BK2,https://en.wikipedia.org/wiki/Bink_(video_format)
bink,Bink 容器,BINK,https://en.wikipedia.org/wiki/Bink_(video_format)
smc,Super Magic Cocos SMC,smc,https://en.wikipedia.org/wiki/Super_Magic_Compressor
smt,Starmade 资源,SMT,https://en.wikipedia.org/wiki/StarMade
lst,列表文件,LST,https://en.wikipedia.org/wiki/Manifest_file
cpr,CPR/cube 压缩,CPR,https://en.wikipedia.org/wiki/Comic_book_archive
xpak,Unreal Engine XPAK,XPAK,https://en.wikipedia.org/wiki/Unreal_Engine
xzp,Xbox 压缩包 XZP,XZP,https://en.wikipedia.org/wiki/Xbox
0000,大型资源分卷 0000,0000-9999,https://en.wikipedia.org/wiki/File_splitting
0001,大型资源分卷 0001,0001,https://en.wikipedia.org/wiki/File_splitting
0002,大型资源分卷 0002,0002,https://en.wikipedia.org/wiki/File_splitting
0003,大型资源分卷 0003,0003,https://en.wikipedia.org/wiki/File_splitting
0004,大型资源分卷 0004,0004,https://en.wikipedia.org/wiki/File_splitting
0005,大型资源分卷 0005,0005,https://en.wikipedia.org/wiki/File_splitting
0006,大型资源分卷 0006,0006,https://en.wikipedia.org/wiki/File_splitting
0007,大型资源分卷 0007,0007,https://en.wikipedia.org/wiki/File_splitting
0008,大型资源分卷 0008,0008,https://en.wikipedia.org/wiki/File_splitting
0009,大型资源分卷 0009,0009,https://en.wikipedia.org/wiki/File_splitting
mpv2,MPEG-2 视频裸流,MPV2,https://en.wikipedia.org/wiki/MPEG-2