extension,purpose,variants,source_url
.png,Portable Network Graphics lossless raster image with optional alpha transparency,PNG-8/PNG-24/PNG-32;interlaced (Adam7) vs non-interlaced;APNG animated PNG;truecolor/grayscale/indexed-color,https://en.wikipedia.org/wiki/Portable_Network_Graphics
.jpg,JPEG lossy compressed photographic raster image widely used for photos,JPEG baseline (DCT);progressive;JFIF 1.02;Exif;8-bit YCbCr;lossless mode;JPEG XL (.jxl) is successor,https://en.wikipedia.org/wiki/JPEG
.jpeg,Alternate filename extension for JPEG photographic image,Same as .jpg;common on Windows for legacy 3-letter limit;JFIF/Exif/ITU-T T.81 baseline/progressive,https://en.wikipedia.org/wiki/JPEG
.jpe,Less common alternate extension for JPEG image,Identical to .jpg/.jpeg;ITU-T T.81 baseline DCT;JFIF/Exif container,https://en.wikipedia.org/wiki/JPEG
.jif,JFIF (JPEG File Interchange Format) variant of JPEG,JFIF 1.02 wrapper;no Exif;baseline/progressive;lossy DCT,https://en.wikipedia.org/wiki/JPEG_File_Interchange_Format
.jfif,JPEG File Interchange Format standardized JPEG container,JFIF 1.02 specification;C-Cube Microsystems;baseline/progressive;YUV color,https://en.wikipedia.org/wiki/JPEG_File_Interchange_Format
.gif,Graphics Interchange Format raster with 8-bit color and animation support,GIF87a/GIF89a;8-bit indexed color (256 colors);LZW compression;animated GIF;transparent index,https://en.wikipedia.org/wiki/GIF
.bmp,Windows Bitmap uncompressed raster image device-independent format,BMP v1-v5;1/4/8/16/24/32 bpp;RLE compression (8-bit & 4-bit);top-down vs bottom-up row order;BITMAPINFOHEADER,https://en.wikipedia.org/wiki/BMP_file_format
.dib,Device-Independent Bitmap raw BMP without file header,BMP headerless;1/4/8/16/24/32 bpp;used as resource in Windows EXE/DLL,https://en.wikipedia.org/wiki/BMP_file_format
.rle,Run-Length Encoded bitmap (BMP RLE variant),RLE8/RLE4 compression;1-bit to 8-bit color;used in Windows 3.x/95,https://en.wikipedia.org/wiki/BMP_file_format
.tiff,Tagged Image File Format flexible raster container for print/photo,Baseline TIFF 6.0;BigTIFF;TIFF/EP;LZW/DEFLATE/JPEG/CCITT Fax compression;CMYK/RGB/Gray/YCbCr/PhotoMetric Interpreted,https://en.wikipedia.org/wiki/TIFF
.tif,Short alternate extension for Tagged Image File Format,Same as .tiff;Baseline TIFF 6.0 / BigTIFF;various photometric interpretations and compression schemes,https://en.wikipedia.org/wiki/TIFF
.webp,Google WebP modern raster image with lossless/lossy and animation,WebP lossless (VP8L);lossy (VP8);animated WebP;alpha channel;Exif/XMP;ICC profile,https://en.wikipedia.org/wiki/WebP
.avif,AV1 Image File Format royalty-free modern image from AV1 codec,AV1 still image (KEY_FRAME);8/10/12-bit;4:2:0/4:2:2/4:4:4 chroma;alpha;film grain;HEIF-like ISOBMFF container,https://en.wikipedia.org/wiki/AVIF
.heif,High Efficiency Image File Format MPEG-H Part 12 (HEVC),HEVC (H.265) Main/Main10;8/10-bit;4:2:0/4:2:2/4:4:4;multi-image;alpha;depth maps,https://en.wikipedia.org/wiki/HEIF
.heic,HEVC-coded images within HEIF (Apple default for iOS),HEVC encoded;single/multi-image;Live Photo;10-bit HDR;depth map;Apple iOS/macOS,https://en.wikipedia.org/wiki/HEIF
.heics,HEIF image sequence (Apple variant),HEIF Image Sequence (heics);multi-frame;used for Live Photos;HEVC,https://en.wikipedia.org/wiki/HEIF
.hif,Alternate extension for HEIF/HEIC,Same as .heif;HEVC/H.265 encoding;multi-image;alpha channel,https://en.wikipedia.org/wiki/HEIF
.avci,AVCI (AVC/H.264 intra) image variant of HEIF,AVC/H.264 encoding;intra-frame;8/10-bit;alpha;multi-image;ISOBMFF,https://en.wikipedia.org/wiki/HEIF
.jxl,JPEG XL next-generation image format (ISO 18181),JPEG XL Part-1 (ISO 18181-1);lossy/lossess;reversible JPEG transcoding;animation;alpha;10/12/16-bit;wide gamut,https://en.wikipedia.org/wiki/JPEG_XL
.jp2,JPEG 2000 Part 1 (ISO 15444-1) wavelet-based image,J2K codestream in JP2 box;lossy/lossless;wavelet (EBCOT);8/12/16-bit;alpha;tiling;ROI;JP2 box,https://en.wikipedia.org/wiki/JPEG_2000
.j2k,JPEG 2000 raw codestream (no JP2 wrapper),J2K codestream;wavelet transform;lossy/lossless;SIZ/COD/COC markers,https://en.wikipedia.org/wiki/JPEG_2000
.jpf,JPEG 2000 Part 2 (ISO 15444-2) extensions,MJ2/MJ2S-compatible;extensions for JP2 including wavelet packet;multi-component,https://en.wikipedia.org/wiki/JPEG_2000
.jpx,JPEG 2000 Part 2 file format (JPX),JP2 with Part-2 extensions;wavelet packet;MCT;12+ components;IPR,https://en.wikipedia.org/wiki/JPEG_2000
.jpm,JPEG 2000 Part 6 (ISO 15444-6) for compound documents,Mixed raster content (MRC);JPEG 2000 + JBIG2 + JPEG;used for scanned documents,https://en.wikipedia.org/wiki/JPEG_2000
.j2c,Alternate extension for JPEG 2000 Part-1 codestream,J2K codestream;Part-1 compatible;wavelet/lossy/lossless,https://en.wikipedia.org/wiki/JPEG_2000
.ico,Windows Icon container for multi-resolution bitmap icons,ICO format;1/4/8/16/24/32 bpp;PNG-compressed entries;multi-resolution;Windows Vista+ PNG entries,https://en.wikipedia.org/wiki/ICO_(file_format)
.cur,Windows Cursor (animated/static pointer),CUR format;1-bit AND/XOR mask;hot spot coordinates;animated cursor (.ani) variant,https://en.wikipedia.org/wiki/ICO_(file_format)
.ani,Windows Animated Cursor (RIFF container),RIFF (ACON);ANI header;sequence of CUR/ICO frames;rate;step,https://en.wikipedia.org/wiki/ICO_(file_format)
.apng,Animated PNG extension with APNG specification,APNG spec by Mozilla/Pavel Zlatovrat;first-frame PNG fallback;frame dispose/blend modes;loop count,https://en.wikipedia.org/wiki/APNG
.mng,Multiple-image Network Graphics (predecessor of APNG),MNG 1.0/1.1;JNG chunks;PNG8/PNG24/JPEG/Delta-PNG frames;animation;loop,https://en.wikipedia.org/wiki/Multiple-image_Network_Graphics
.jng,JPEG Network Graphics (JPEG + alpha channel via PNG),MNG sub-format;JPEG-encoded image;optional alpha via PNG chunks;gamma correction,https://en.wikipedia.org/wiki/Multiple-image_Network_Graphics
.wbmp,Wireless Bitmap for mobile devices,WBMP 0/1-bit;type/length/header;used in WAP/early SMS/EMS,https://en.wikipedia.org/wiki/Wireless_Application_Protocol_Bitmap_Format
.xbm,X BitMap ASCII-encoded C source for 1-bit images,XBM 1-bit;X10/X11;C preprocessor #define width/height;bits as hex strings,https://en.wikipedia.org/wiki/X_BitMap
.xpm,X PixMap ASCII C-source for indexed-color images,XPM version 1/2/3;indexed/8-bit/truecolor;XPM2/XPM3 extensions;transparency color key,https://en.wikipedia.org/wiki/X_PixMap
.ppm,Portable PixMap NetPBM truecolor raster,PPM P3 (ASCII) / P6 (binary);8/16-bit per channel;RGB;NetPBM tools,https://en.wikipedia.org/wiki/Netpbm
.pgm,Portable GrayMap NetPBM grayscale raster,PGM P2 (ASCII) / P5 (binary);8/16-bit grayscale;NetPBM,https://en.wikipedia.org/wiki/Netpbm
.pbm,Portable Bitmap NetPBM 1-bit black & white,PGM P1 (ASCII) / P4 (binary);1-bit B/W;NetPBM,https://en.wikipedia.org/wiki/Netpbm
.pnm,Portable aNy Map auto-detect wrapper for PPM/PGM/PBM,PBM/PGM/PPM auto-detect;NetPBM family;ASCII/binary;8/16-bit,https://en.wikipedia.org/wiki/Netpbm
.pam,Portable Arbitrary Map NetPBM advanced format,PAM (P7);arbitrary tuple type/depth;alpha;CMYK;HDR;NetPBM,https://en.wikipedia.org/wiki/Netpbm
.pfm,Portable FloatMap NetPBM HDR grayscale/color,FLOAT PAM-like;32/64-bit float;grayscale/RGB;NetPBM,https://en.wikipedia.org/wiki/Netpbm
.tga,Truevision TGA (TARGA) raster image,TGA 1.0/2.0;8/16/24/32 bpp;RLE compression;alpha;origin at top/bottom;extension area,https://en.wikipedia.org/wiki/Truevision_TGA
.tpic,Truevision TGA alternate filename,TGA format;RLE/uncompressed;1/4/8/16/24/32 bpp;colormapped/direct,https://en.wikipedia.org/wiki/Truevision_TGA
.pcx,PC Paintbrush Exchange raster,PCX v0/2/3/4/5;1/4/8/24 bpp;RLE;VGA 256-color palette,https://en.wikipedia.org/wiki/PCX
.cel,Autodesk Animator FLIC single frame (extension),FLIC family;1/4/8 bpp;RLE;legacy Autodesk,https://en.wikipedia.org/wiki/FLIC_(file_format)
.fli,Autodesk FLIC (FLI) legacy 320x200 animation,FLI 320x200;RLE;8-bit indexed;FLIC codec,https://en.wikipedia.org/wiki/FLIC_(file_format)
.flc,Autodesk FLIC (FLC) animation extension,FLC 1.0/2.0;arbitrary resolution;RLE;8-bit;animation frames,https://en.wikipedia.org/wiki/FLIC_(file_format)
.flif,Free Lossless Image Format (predecessor to JPEG XL),FLIF 1.0/1.1;MANIAC entropy coding;progressive/interlaced;lossless,https://en.wikipedia.org/wiki/FLIF
.qoi,QOI (Quite OK Image Format) simple lossless raster,QOI v1;RGBA;uncompressed-ish;fast decode,https://en.wikipedia.org/wiki/QOI
.psd,Adobe Photoshop Document layered raster,PSD v1-v3;layers/channels/paths;8/16/32-bit;RGB/CMYK/Lab/duotone;PSB (large) variant,https://en.wikipedia.org/wiki/Adobe_Photoshop#File_format
.psb,Adobe Photoshop Big large-document version of PSD,"PSB 300000+ pixel support;layers;4GB+;Photoshop CS+",https://en.wikipedia.org/wiki/Adobe_Photoshop#File_format
.pdd,Adobe Photoshop CS5+ recovery format,Photoshop CS5+;lossless zlib on top of PSD;recovery only,https://en.wikipedia.org/wiki/Adobe_Photoshop#File_format
.xcf,GIMP native image format with layers and metadata,XCF v3-v12;layers/channels/paths;GIMP RLE/zip compression;parasite data,https://en.wikipedia.org/wiki/XCF_(file_format)
.kra,Krita document format,Krita 2.x/3.x/4.x/5.x;layers/masks/vector;zstd/zip;PSD-compatible subset,https://en.wikipedia.org/wiki/Krita
.kpp,Krita 1.x legacy paint program layer format,Krita 1.x native;layers;legacy only;zip-compressed,https://en.wikipedia.org/wiki/Krita
.ora,OpenRaster layered image format (GIMP/Inkscape compatible),ORA spec 1.0;layers/groups/text;PNG tile stacks;zip container,https://en.wikipedia.org/wiki/OpenRaster
.mdp,MediBang Paint Pro document,MediBang format;layers;zip;Android/iOS,https://en.wikipedia.org/wiki/MediBang
.dng,Adobe Digital Negative raw photo container (also raw),DNG v1.0/1.1/1.2/1.3/1.4/1.5/1.6;lossy/lossless;Adobe standard;RAW/DNG,https://en.wikipedia.org/wiki/Digital_Negative
.cr2,Canon Raw v2 (CIFF-based RAW),CR2 Canon RAW v2;CIFF container;lossless JPEG (LJPEG);sRAW/mRAW,https://en.wikipedia.org/wiki/Raw_image_format
.cr3,Canon Raw v3 (ISOBMFF/MP4 container),CR3 ISOBMFF (MP4);HEIF-like;Canon RAW v3;lossy/lossless;CRM tags,https://en.wikipedia.org/wiki/Raw_image_format
.crw,Canon Raw v1 legacy CIFF,CRW v1;CIFF;lossless JPEG;legacy pre-Canon RAW v2,https://en.wikipedia.org/wiki/Raw_image_format
.nef,Nikon Electronic Format RAW,NEF 12/14-bit;Nikon NEF compressed/uncompressed/lossless;pre-Capture NX-D,https://en.wikipedia.org/wiki/Raw_image_format
.nrw,Nikon RAW (reduced resolution compact cameras),Nikon NRW;12-bit;compact camera RAW;NEF-derived,https://en.wikipedia.org/wiki/Raw_image_format
.arw,Sony Alpha Raw (RAW),ARW 1.0/2.0/2.3/3.0/3.1/3.2/3.3/3.4/3.5/4.0;12/14-bit;Sony Alpha,https://en.wikipedia.org/wiki/Raw_image_format
.ari,Apple ARRI RAW (legacy),ARRI ARI;Bayer pattern;12-bit;Alexa cameras,https://en.wikipedia.org/wiki/Raw_image_format
.bay,RAW Bayer image (Casio/Casio-style),Bayer mosaic;8/12/16-bit;unprocessed sensor dump,https://en.wikipedia.org/wiki/Raw_image_format
.dcr,Kodak Digital Camera Raw (legacy),Kodak DCR;DC25/40/50/120;legacy proprietary,https://en.wikipedia.org/wiki/Raw_image_format
.erf,Epson Raw Format,Epson R-D1 ERF;Epson ERF 16-bit;CCD sensor,https://en.wikipedia.org/wiki/Raw_image_format
.fff,Imacon/Hasselblad FFF medium-format RAW,Imacon FlexFrame Format;3FR FFF;16-bit,https://en.wikipedia.org/wiki/Raw_image_format
.iiq,Phase One IQ digital back RAW,Phase One IIQ v1/v2;16-bit;medium-format;IIQ L/S/M,https://en.wikipedia.org/wiki/Raw_image_format
.mef,Mamiya (Phase One) Electronic Form,Mamiya MEF;16-bit;medium-format;ZLD/MEF variants,https://en.wikipedia.org/wiki/Raw_image_format
.mrw,Minolta RAW (MRW),Minolta MRW 12/16-bit;raw + metadata;DiMAGE,https://en.wikipedia.org/wiki/Raw_image_format
.orf,Olympus RAW Format,ORF v1/v2/v3/v4;12/14-bit;Olympus E-system,https://en.wikipedia.org/wiki/Raw_image_format
.pef,Pentax Electronic Format,PEF 12/14-bit;Pentax K-series;compressed/uncompressed,https://en.wikipedia.org/wiki/Raw_image_format
.raf,Fuji RAW (RAF),RAF Fuji;12/14/16-bit;Fuji X-Trans/EXR sensors;compressed,https://en.wikipedia.org/wiki/Raw_image_format
.raw,Generic raw image (varies by camera),Camera-specific binary;Bayer mosaic;no standard container,https://en.wikipedia.org/wiki/Raw_image_format
.rwl,Leica RAW (Panasonic format),Leica RWL;Panasonic RW2-derived;14-bit,https://en.wikipedia.org/wiki/Raw_image_format
.sr2,Sony RAW v2 (older Alpha),SR2;Sony Alpha;12/14-bit;pre-ARW,https://en.wikipedia.org/wiki/Raw_image_format
.srf,Sony RAW (early),SRF;Sony;older cameras;uncompressed,https://en.wikipedia.org/wiki/Raw_image_format
.srw,Samsung RAW (SRW),SRW 12/14-bit;Samsung NX;lossless compressed,https://en.wikipedia.org/wiki/Raw_image_format
.x3f,Sigma/Foveon X3F RAW,X3F 8/12/16-bit;Foveon X3 sensor (layered);Sigma,https://en.wikipedia.org/wiki/Raw_image_format
.3fr,Hasselblad 3F RAW,3FR/Hasselblad;16-bit;medium-format FFF-variant,https://en.wikipedia.org/wiki/Raw_image_format
.mpo,Multi-Picture Object (stereoscopic 3D JPEG),MPO MPF (Multi-Picture Format);stereoscopic;Exif MP-format;two JPEG,https://en.wikipedia.org/wiki/JPEG#MPO
.jps,JPEG Stereo (3D side-by-side JPEG),3D stereoscopic JPEG;left/right image pairs;MPF,https://en.wikipedia.org/wiki/Stereo_jpeg
.svg,Scalable Vector Graphics XML-based 2D vector image,SVG 1.0/1.1/2 (W3C);SMIL animation;CSS/JS;inline styles;filter/effects,https://en.wikipedia.org/wiki/Scalable_Vector_Graphics
.svgz,SVGZ gzip-compressed SVG,SVG inside gzip (.svgz);MIME image/svg+xml with gzip Content-Encoding,https://en.wikipedia.org/wiki/Scalable_Vector_Graphics
.eps,Encapsulated PostScript vector/page description,EPS 1/2/3;PostScript Level 1/2/3;binary/text;preview bitmap,https://en.wikipedia.org/wiki/Encapsulated_PostScript
.ai,Adobe Illustrator vector document,AI 1.0-CS6;PostScript-based;CC 2018+ uses PDF-compatible format;layers,https://en.wikipedia.org/wiki/Adobe_Illustrator_Artwork
.cdr,CorelDRAW native vector document,CDR v1-v2024;CMYK/RGB;Corel proprietary;often zlib-compressed,https://en.wikipedia.org/wiki/CorelDRAW
.cgm,Computer Graphics Metafile ISO 8632 vector,ISO 8632-1/-3/-4;binary/text/clear-text encoding;CGM Web,https://en.wikipedia.org/wiki/Computer_Graphics_Metafile
.emf,Enhanced Metafile Windows vector,EMF 32-bit;Win32 GDI;vector + raster;32-bit,https://en.wikipedia.org/wiki/Enhanced_Metafile
.wmf,Windows Metafile vector,WMF 16-bit;Windows 3.x GDI;vector;older;EMF replacement,https://en.wikipedia.org/wiki/Windows_Metafile
.wmz,Compressed Windows Metafile,WMF compressed (gzip);32-bit/16-bit variants,https://en.wikipedia.org/wiki/Windows_Metafile
.xaml,Extensible Application Markup Language (Microsoft),XAML/WPF/UWP;XML vector+UI;XPS also uses XAML,https://en.wikipedia.org/wiki/Extensible_Application_Markup_Language
.swf,Adobe Flash (Shockwave Flash) animation/vector,SWF v1-v10+;ActionScript 1/2/3;video/audio;stage3D,https://en.wikipedia.org/wiki/Flash_(software)
.fla,Adobe Flash Authoring source (project),FLA source for Flash Professional;binary or XML (XFL);binary FLA proprietary,https://en.wikipedia.org/wiki/Flash_(software)
.xfl,Adobe Flash XML source variant (Flash CC 2014+),XFL XML-based Flash source;zip container (FLA),https://en.wikipedia.org/wiki/Flash_(software)
.dxf,AutoCAD Drawing Exchange Format (vector 2D/3D),DXF ASCII (R12-R2024) and binary;AutoCAD;2D/3D entities,https://en.wikipedia.org/wiki/AutoCAD_DXF
.dwg,AutoCAD Drawing native format,DWG R12-R2024;binary;AutoCAD/Compat;vector;3D ACIS,https://en.wikipedia.org/wiki/AutoCAD
.dwf,Design Web Format (Autodesk),DWF v5/v6;2D/3D;zipped XML;Intel Content Server,https://en.wikipedia.org/wiki/Design_Web_Format
.ps,PostScript page description language,PostScript Level 1/2/3;EPS subset;Adobe/Canon/HP printer language,https://en.wikipedia.org/wiki/PostScript
.prn,Printer spool/HP-GL/2 plotter file,HP-GL/2 or generic;plotter;printed;ASCII,https://en.wikipedia.org/wiki/HP-GL
.hpgl,HP-GL (Hewlett-Packard Graphics Language) plotter,HP-GL;HP-GL/2;PEN/PU/PA commands;vector plotter,https://en.wikipedia.org/wiki/HP-GL
.plt,HP-GL/2 plotter file (AutoCAD),HP-GL/2;pen plotter;vector CAD,https://en.wikipedia.org/wiki/HP-GL/2
.skm,SketchUp Model file (binary),SKM/SKP SketchUp binary;3D model;3D Warehouse,https://en.wikipedia.org/wiki/SketchUp
.sketchup,SketchUp legacy extension (v3-v5),SKP/SKM;SketchUp Make/Pro,https://en.wikipedia.org/wiki/SketchUp
.exr,OpenEXR high dynamic range image,EXR v1-v2;scanline/tile/tiled RLE/ZIP/PIZ/ZIPS/B44/B44A/DWAA/DWAB;half/float;alpha;deep;multipart,https://en.wikipedia.org/wiki/OpenEXR
.hdr,RGBE/HDR high dynamic range Radiance format,RGBE;Radiance HDR;32-bit per pixel;floating point via exponent,https://en.wikipedia.org/wiki/Radiance_HDR
.rgbe,RGBE radiance scene file,RGBE;Radiance;lossless 32-bit/pixel;ASCII or binary,https://en.wikipedia.org/wiki/Radiance_HDR
.dpx,Digital Picture Exchange film/visual-effects raster,DPX 2.0;10-bit log/8/12/16-bit;BGR/ABGR;CEI/ITU-R BT.601-7/BT.709,https://en.wikipedia.org/wiki/Digital_Picture_Exchange
.cin,Cineon raster (Kodak),Cineon 10-bit log;Kodak DPX predecessor;film scanning,https://en.wikipedia.org/wiki/Cineon
.fits,Flexible Image Transport System astronomy,FITS standard IAU FITS Working Group;N-dimensional arrays;binary table;ASCII header,https://en.wikipedia.org/wiki/FITS
.fit,Alternate extension for FITS,Astronomy FITS;binary;image+header,https://en.wikipedia.org/wiki/FITS
.fts,Alternate FITS extension,IAU FITS;N-dim array;header+data units (HDU),https://en.wikipedia.org/wiki/FITS
.nii,NIfTI-1 neuroimaging format,NIfTI-1 (single .nii);header+image;16/32/64-bit float;affine transform,https://en.wikipedia.org/wiki/Neuroimaging_Informatics_Technology_Initiative
.nii.gz,Gzip-compressed NIfTI,NIfTI-1 with gzip;2-file pair .hdr/.img also used,https://en.wikipedia.org/wiki/Neuroimaging_Informatics_Technology_Initiative
.hdr,NIfTI/ANALYZE header file (also for ImageJ),NIfTI/ANALYZE hdr/img pair;348-byte header;voxel sizes,https://en.wikipedia.org/wiki/ANALYZE
.img,ANALYZE 7.5 .img binary image data,ANALYZE 7.5 format;binary voxels;paired with .hdr,https://en.wikipedia.org/wiki/ANALYZE
.mnc,MINC medical imaging format,MINC v1/v2 (MNI);NetCDF/HDF5;medical;MRI/PET,https://en.wikipedia.org/wiki/MINC
.mhd,MetaImage header for ITK/VTK,MetaImage .mhd/.raw pair;ASCII header;raw voxel data;ITK/VTK,https://en.wikipedia.org/wiki/ITK
.mha,MetaImage single-file format,.mha in one file;ASCII header + binary data;ITK/VTK,https://en.wikipedia.org/wiki/ITK
.nrrd,Nearly Raw Raster Data (Teem),NRRD v1/v2/v3;ASCII/HTML/binary header;gzip/bzip2 compressed,https://en.wikipedia.org/wiki/Nrrd
.vtk,Visualization Toolkit legacy format,VTK v1-v4 (legacy ASCII and binary);datasets: structured/unstructured/rectilinear/polydata,https://en.wikipedia.org/wiki/VTK
.stl,Stereolithography 3D mesh file,STL ASCII (facet normal + triangle);STL Binary (uint32 count);CAD/3D printing,https://en.wikipedia.org/wiki/STL_(file_format)
.obj,Wavefront 3D object mesh,OBJ ASCII;v/vt/vn/f/g/s/o/smooth;mtl material file,https://en.wikipedia.org/wiki/Wavefront_.obj_file
.ply,Polygon File Format (Stanford),PLY ASCII/binary;vertices/faces/properties;3D scan,https://en.wikipedia.org/wiki/PLY_(file_format)
.dae,COLLADA 3D interchange format,COLLADA 1.4/1.5;XML;geometries/animation/physics,https://en.wikipedia.org/wiki/COLLADA
.fbx,Filmbox (Autodesk) 3D interchange,FBX ASCII/binary;7.x+;ASCII FBX deprecated;animation/skinning,https://en.wikipedia.org/wiki/FBX
.gltf,GL Transmission Format 3D scene (JSON),glTF 1.0/2.0 (JSON);.gltf+.bin+.jpg+.glsl;PBR,https://en.wikipedia.org/wiki/GlTF
.glb,Binary glTF (single file),glTF 2.0 binary container;JSON header + BIN chunk + optional images,https://en.wikipedia.org/wiki/GlTF
.usd,Universal Scene Description (Pixar),USD v1.0+;ASCII/CRATE/JSON;Crate binary;binary LZ4-compressed,https://en.wikipedia.org/wiki/Universal_Scene_Description
.usdz,Apple usdz archive (zip),USD + assets inside zip (uncompressed);Apple AR Quick Look,https://en.wikipedia.org/wiki/Universal_Scene_Description
.usda,ASCII-only USD variant,USD ASCII format;human-readable;Pixar,https://en.wikipedia.org/wiki/Universal_Scene_Description
.usdc,USD Crate binary,USD Crate;binary;efficient for large scenes,https://en.wikipedia.org/wiki/Universal_Scene_Description
.3ds,Autodesk 3D Studio legacy mesh,3DS;chunked binary;16-bit indices;legacy 3DS,https://en.wikipedia.org/wiki/.3ds
.blend,Blender native project file,BLEND v0-v4;binary;Packed data;LZO/zlib compression,https://en.wikipedia.org/wiki/Blender_(software)
.max,Autodesk 3ds Max scene,MAX binary;3ds Max;particles;animation,https://en.wikipedia.org/wiki/Autodesk_3ds_Max
.ma,Autodesk Maya ASCII scene,MA ASCII;MEL scripting;LODs;animation,https://en.wikipedia.org/wiki/Autodesk_Maya
.mb,Autodesk Maya binary scene,MB binary;Maya;faster load,https://en.wikipedia.org/wiki/Autodesk_Maya
.xsi,Softimage XSI scene,SOFTIMAGE|XSI;dotXSI ASCII/binary;animation,https://en.wikipedia.org/wiki/Softimage
.lwo,LightWave 3D object,LWO v4-v6 (LWOB/LWO2);layers/surfaces;binary,https://en.wikipedia.org/wiki/LightWave_3D
.lws,LightWave 3D scene file,LWS ASCII;layout;animation,https://en.wikipedia.org/wiki/LightWave_3D
.abc,Alembic 3D interchange,Alembic 1.0-2.0;Ogawa (binary) or HDF5;animation;caching,https://en.wikipedia.org/wiki/Alembic_(computer_graphics)
.ifc,Industry Foundation Classes (BIM),IFC v2x3/v4 ADD2;STEP-based;BIM/CAD,https://en.wikipedia.org/wiki/Industry_Foundation_Classes
.step,STEP ISO 10303 product data,STEP AP203/AP214/AP242;CAD/3D;ASCII EXPRESS schema,https://en.wikipedia.org/wiki/ISO_10303-21
.igs,.iges;Initial Graphics Exchange Specification 2D/3D CAD,IGES 5.3/6.0;ASCII;legacy CAD,https://en.wikipedia.org/wiki/IGES
.skp,SketchUp binary model,SKP;SketchUp Pro/Make;zip;3D model,https://en.wikipedia.org/wiki/SketchUp
.bim,Building Information Modeling (BIM collada/GIS),Various;IFC/glb extension use,https://en.wikipedia.org/wiki/Building_Information_Modeling
.sldprt,SolidWorks part (proprietary),S-ldprt;SolidWorks binary;parametric CAD,https://en.wikipedia.org/wiki/SolidWorks
.sldasm,SolidWorks assembly,S-ldasm;SolidWorks;assembly;parametric,https://en.wikipedia.org/wiki/SolidWorks
.mb3,Manga Browser 3 archive (CBZ variant),Comic book archive;Manga Reader format,https://en.wikipedia.org/wiki/Comic_book_archive
.cbz,Comic Book ZIP archive (images),ZIP archive of PNG/JPG/GIF/WebP;ComicRack;Manga reader,https://en.wikipedia.org/wiki/Comic_book_archive
.cbr,Comic Book RAR archive (images),RAR archive of images;ComicRack;Manga reader,https://en.wikipedia.org/wiki/Comic_book_archive
.cb7,Comic Book 7z archive,7z archive;images;Manga reader,https://en.wikipedia.org/wiki/Comic_book_archive
.cbt,Comic Book TAR archive,TAR archive;images;tar+gzip;Manga reader,https://en.wikipedia.org/wiki/Comic_book_archive
.cba,Comic Book ACE archive,ACE archive;images;Manga reader,https://en.wikipedia.org/wiki/Comic_book_archive
.pdb,Comic Book (Palm Database) archive,PalmDOC/palm database;Plucker eReader;Manga,https://en.wikipedia.org/wiki/Plucker_(e-book)
.txt,Plain text file (ASCII/UTF-8/UTF-16),UTF-8/UTF-16;CRLF/LF/CR;charset;no formatting,https://en.wikipedia.org/wiki/Text_file
.text,Generic text file,Plain text;UTF-8/ASCII;Unix/Windows,https://en.wikipedia.org/wiki/Text_file
.log,Log file (plain text),Plain text;timestamped;RFC 5424 syslog often,https://en.wikipedia.org/wiki/Log_file
.rtf,Rich Text Format word processor document,RTF 1.0-1.9.1;control words/groups;embedded objects;charset,https://en.wikipedia.org/wiki/Rich_Text_Format
.md,Markdown lightweight markup,CommonMark 0.30;GFM (GitHub Flavored);Multimarkdown;Pandoc Markdown,https://en.wikipedia.org/wiki/Markdown
.markdown,Markdown file (longer extension),CommonMark/GFM/MultiMarkdown;plain text;UTF-8,https://en.wikipedia.org/wiki/Markdown
.mdown,Markdown file (alternate extension),CommonMark/GFM;plain text,https://en.wikipedia.org/wiki/Markdown
.mkdn,Markdown file (alternate extension),CommonMark/GFM,https://en.wikipedia.org/wiki/Markdown
.rst,reStructuredText documentation markup,reST/Sphinx;directives;RST;Python community,https://en.wikipedia.org/wiki/ReStructuredText
.tex,LaTeX source document (TeX),TeX/LaTeX;plain text source;Knuth's TeX,https://en.wikipedia.org/wiki/LaTeX
.latex,LaTeX source (rarely used),TeX/LaTeX source;not standard but used,https://en.wikipedia.org/wiki/LaTeX
.ltx,LaTeX2e source (alternate),LaTeX2e;\\documentclass;preamble,https://en.wikipedia.org/wiki/LaTeX
.dtx,LaTeX documented source (TeX Live),.dtx + .ins;docstrip;TeX Live distribution,https://en.wikipedia.org/wiki/LaTeX
.ins,LaTeX installation/source extraction file,LaTeX docstrip;generates source from .dtx,https://en.wikipedia.org/wiki/LateX
.dvi,DeVice-Independent file (TeX output),DVI v2/DVI Standard Level 0/1/2/3;TeX output;TFMPK fonts,https://en.wikipedia.org/wiki/Device_independent_file_format
.xdv,XeTeX extended DVI,XeTeX intermediate;font support;Unicode,https://en.wikipedia.org/wiki/XeTeX
.pdf,Portable Document Format (Adobe),PDF 1.0-2.0;ISO 32000-1/-2;linearized;tagged;encrypted;Forms;AcroForms;JavaScript,https://en.wikipedia.org/wiki/PDF
.pdfa,PDF/A (archival subset) variant,PDF/A-1/-2/-3/-4 (ISO 19005);no encryption;embedded fonts,https://en.wikipedia.org/wiki/PDF/A
.pdfx,PDF/X (print exchange) variant,PDF/X-1a/-3/-4/-5/-6;ISO 15929/15930;CMYK;no transparency,https://en.wikipedia.org/wiki/PDF/X
.fdf,Forms Data Format (PDF form data),FDF 1.2/1.3/1.4 (Adobe);form data;PDF interchange,https://en.wikipedia.org/wiki/Forms_Data_Format
.xfdf,XML Forms Data Format,XFDF 2.0/3.0;XML;PDF form data;W3C,https://en.wikipedia.org/wiki/XFDF
.caj,China Academic Journals (CNKI) document,CAJViewer (CNKI);scanned paper;Huffman/PNG;Chinese,https://en.wikipedia.org/wiki/CNKI
.kdh,Chinese Academic Journal (CNKI KDH),CAJ/KDH/KHN/HNB;CNKI;scanned,https://en.wikipedia.org/wiki/CNKI
.umd,UMD mobile reader book,UMD format;Chinese mobile ebooks;compressed,https://en.wikipedia.org/wiki/UMD_(file_format)
.doc,Microsoft Word 97-2003 binary document,DOC binary (CFB compound file);Word 97-2003;VBA macros;OLE,https://en.wikipedia.org/wiki/Microsoft_Word
.docx,Microsoft Word 2007+ Open XML document,DOCX/OOXML/ISO/IEC 29500;ECMA-376;zip+XML;strict/transitional,https://en.wikipedia.org/wiki/Microsoft_Word
.docm,Microsoft Word 2007+ macro-enabled,OOXML;zip+XML+VBA;macros,https://en.wikipedia.org/wiki/Microsoft_Office_Open_XML
.dot,Word 97-2003 template,DOT binary CFB;Word template,https://en.wikipedia.org/wiki/Microsoft_Word
.dotx,Word 2007+ Open XML template,OOXML;zip+XML;macro-free,https://en.wikipedia.org/wiki/Microsoft_Office_Open_XML
.dotm,Word 2007+ macro-enabled template,OOXML zip+XML+VBA,https://en.wikipedia.org/wiki/Microsoft_Office_Open_XML
.odt,OpenDocument Text (LibreOffice/OOo),ODF 1.0/1.1/1.2/1.3;ISO 26300;zip+XML;LibreOffice,https://en.wikipedia.org/wiki/OpenDocument
.ott,OpenDocument Text Template,ODF 1.0-1.3;zip+XML;LibreOffice,https://en.wikipedia.org/wiki/OpenDocument
.odf,OpenDocument Formula (also generic ODF),ODF 1.2 formula;zip+XML;LibreOffice Math,https://en.wikipedia.org/wiki/OpenDocument
.ods,OpenDocument Spreadsheet,ODF 1.0-1.3 zip+XML;LibreOffice Calc,https://en.wikipedia.org/wiki/OpenDocument
.ots,OpenDocument Spreadsheet Template,ODF zip+XML;template,https://en.wikipedia.org/wiki/OpenDocument
.odp,OpenDocument Presentation,ODF zip+XML;LibreOffice Impress,https://en.wikipedia.org/wiki/OpenDocument
.otp,OpenDocument Presentation Template,ODF zip+XML;template,https://en.wikipedia.org/wiki/OpenDocument
.odg,OpenDocument Graphics,ODF zip+XML;LibreOffice Draw,https://en.wikipedia.org/wiki/OpenDocument
.otg,OpenDocument Graphics Template,ODF zip+XML;template,https://en.wikipedia.org/wiki/OpenDocument
.odc,OpenDocument Chart,ODF zip+XML;charts,https://en.wikipedia.org/wiki/OpenDocument
.odi,OpenDocument Image,ODF zip+XML;LibreOffice Image,https://en.wikipedia.org/wiki/OpenDocument
.odm,OpenDocument Master,ODF zip+XML;master document,https://en.wikipedia.org/wiki/OpenDocument
.pages,Apple Pages word processor document,PAGES 1.0+;zip+XML+images;PAGES_iWork;macOS/iCloud,https://en.wikipedia.org/wiki/Pages_(word_processor)
.key,Apple Keynote presentation,KEY 1.0+;zip+XML+images;macOS/iCloud,https://en.wikipedia.org/wiki/Keynote_(presentation_software)
.numbers,Apple Numbers spreadsheet,NUMBERS 1.0+;zip+XML+images;iWork,https://en.wikipedia.org/wiki/Numbers_(spreadsheet)
.xls,Microsoft Excel 97-2003 binary workbook,XLS BIFF8/BIFF5;CFB+OLE;VBA;XLSB BIFF12 alternative,https://en.wikipedia.org/wiki/Microsoft_Excel
.xlsx,Microsoft Excel 2007+ Open XML workbook,OOXML/ISO/IEC 29500;ECMA-376;zip+XML;strict/transitional,https://en.wikipedia.org/wiki/Microsoft_Excel
.xlsm,Excel 2007+ macro-enabled workbook,OOXML zip+XML+VBA,https://en.wikipedia.org/wiki/Microsoft_Office_Open_XML
.xlsb,Excel 2007+ binary workbook (BIFF12),OOXML zip+BIFF12;faster load,https://en.wikipedia.org/wiki/Microsoft_Office_Open_XML
.xlam,Excel 2007+ macro-enabled add-in,OOXML zip+XML+VBA add-in,https://en.wikipedia.org/wiki/Microsoft_Office_Open_XML
.xla,Excel 97-2003 add-in (binary),XLS CFB add-in;legacy,https://en.wikipedia.org/wiki/Microsoft_Excel
.xll,Excel DLL/XLL add-in (C/C++),Win32 DLL;xlAuto* exports;Microsoft Excel SDK,https://en.wikipedia.org/wiki/Microsoft_Office
.xlt,Excel 97-2003 template,XLS CFB template,https://en.wikipedia.org/wiki/Microsoft_Excel
.xltx,Excel 2007+ Open XML template,OOXML zip+XML;macro-free,https://en.wikipedia.org/wiki/Microsoft_Office_Open_XML
.xltm,Excel 2007+ macro-enabled template,OOXML zip+XML+VBA,https://en.wikipedia.org/wiki/Microsoft_Office_Open_XML
.csv,Comma-Separated Values tabular text,RFC 4180;comma/semicolon/tab;UTF-8;Excel/LibreOffice,https://en.wikipedia.org/wiki/Comma-separated_values
.tsv,Tab-Separated Values tabular text,Tab-delimited;RFC 4180-like;UTF-8/UTF-16,https://en.wikipedia.org/wiki/Tab-separated_values
.psv,Pipe-Separated Values,Bar-separated;PostgreSQL;pipe-delimited text,https://en.wikipedia.org/wiki/Delimiter-separated_values
.ppt,PowerPoint 97-2003 binary presentation,PPT CFB;PowerPoint 97-2003;VBA;OLE,https://en.wikipedia.org/wiki/Microsoft_PowerPoint
.pptx,PowerPoint 2007+ Open XML presentation,OOXML zip+XML;ECMA-376;transitional/strict,https://en.wikipedia.org/wiki/Microsoft_PowerPoint
.pptm,PowerPoint 2007+ macro-enabled,OOXML zip+XML+VBA,https://en.wikipedia.org/wiki/Microsoft_Office_Open_XML
.pps,PowerPoint 97-2003 slideshow,CFB OLE;auto-play presentation,https://en.wikipedia.org/wiki/Microsoft_PowerPoint
.ppsx,PowerPoint 2007+ Open XML slideshow,OOXML zip+XML;auto-play,https://en.wikipedia.org/wiki/Microsoft_Office_Open_XML
.ppsm,PowerPoint 2007+ macro-enabled slideshow,OOXML zip+XML+VBA,https://en.wikipedia.org/wiki/Microsoft_Office_Open_XML
.pot,PowerPoint 97-2003 template,CFB OLE;PowerPoint template,https://en.wikipedia.org/wiki/Microsoft_PowerPoint
.potx,PowerPoint 2007+ Open XML template,OOXML zip+XML,https://en.wikipedia.org/wiki/Microsoft_Office_Open_XML
.potm,PowerPoint 2007+ macro-enabled template,OOXML zip+XML+VBA,https://en.wikipedia.org/wiki/Microsoft_Office_Open_XML
.json,JavaScript Object Notation data,JSON RFC 8259;object/array/string/number/bool/null;UTF-8/16/32,https://en.wikipedia.org/wiki/JSON
.jsonc,JSON with comments (VS Code),JSONC;JSON with // and /* */ comments;Microsoft,https://en.wikipedia.org/wiki/JSON#JSONC
.json5,JSON5 superset,JSON5 v1.0.0;ECMAScript comments/trailing commas/quotes,https://en.wikipedia.org/wiki/JSON#JSON5
.jsonl,JSON Lines (newline-delimited),NDJSON RFC 7464;one JSON value per line,https://en.wikipedia.org/wiki/JSON#JSON_Streaming
.ndjson,Newline-Delimited JSON,RFC 7464 NDJSON;streaming JSON,https://en.wikipedia.org/wiki/JSON_streaming
.yaml,YAML Ain't Markup Language data serialization,YAML 1.1/1.2;indentation-based;anchors,https://en.wikipedia.org/wiki/YAML
.yml,Short alternate extension for YAML,YAML 1.1/1.2;same as .yaml,https://en.wikipedia.org/wiki/YAML
.toml,Tom's Obvious Minimal Language (Rust),TOML 0.5/1.0;key/value;tables;arrays;INI-like,https://en.wikipedia.org/wiki/TOML
.ini,Windows INI configuration,MS-DOS/Windows INI;[section];key=value;comments,https://en.wikipedia.org/wiki/INI_file
.cfg,Configuration file (generic),Python ConfigParser;TOML;INI-like,https://en.wikipedia.org/wiki/Configuration_file
.conf,Configuration file (Unix),Apache/nginx conf;KDE;Vim,https://en.wikipedia.org/wiki/Configuration_file
.properties,Java properties file,key=value;ISO-8859-1;Java resource bundle,https://en.wikipedia.org/wiki/.properties
.env,Environment variable definitions,dotenv;KEY=VALUE;dotenv/vault,https://en.wikipedia.org/wiki/Environment_variable
.xml,Extensible Markup Language,W3C XML 1.0/1.1;UTF-8/16;DTD/Schema,https://en.wikipedia.org/wiki/XML
.xsd,XML Schema Definition (W3C),XSD 1.0/1.1;XML Schema,https://en.wikipedia.org/wiki/XML_Schema_(W3C)
.dtd,Document Type Definition (SGML/XML),DTD for SGML/XML,https://en.wikipedia.org/wiki/Document_type_definition
.sgml,Standard Generalized Markup Language (ISO 8879),SGML DTD;HTML 4.01 SGML;legacy markup,https://en.wikipedia.org/wiki/Standard_Generalized_Markup_Language
.html,HyperText Markup Language (web page),HTML 4.01/5/5.1/5.2;XHTML serialized HTML;W3C/WHATWG,https://en.wikipedia.org/wiki/HTML
.htm,Short alternate extension for HTML,Same as .html;legacy 3-char limit,https://en.wikipedia.org/wiki/HTML
.xhtml,Extensible HTML (XML-strict),XHTML 1.0/1.1/2.0 (W3C);XML 1.0;HTML-compatible,https://en.wikipedia.org/wiki/XHTML
.mhtml,MIME Encapsulation of Aggregate HTML documents (RFC 2557),MHTML RFC 2557;multipart/related;web archive,https://en.wikipedia.org/wiki/MHTML
.mht,Single-file MHTML archive,MIME HTML;Microsoft IE,https://en.wikipedia.org/wiki/MHTML
.mobi,Mobipocket e-book (Amazon pre-Kindle),MOBI 1-7/8 (MOBI 7 is Kindle);PRC sub-format,https://en.wikipedia.org/wiki/Mobipocket
.azw,Amazon Kindle e-book,AZW (KF7);Mobipocket-derived;Kindle proprietary DRM,https://en.wikipedia.org/wiki/Amazon_Kindle
.azw3,Amazon Kindle KF8 format,AZW3/KF8;supports HTML5/CSS3;EPUB reflowable,https://en.wikipedia.org/wiki/Amazon_Kindle
.azw4,Kindle Print Replica (active content),KF9/Print Replica;fixed-layout;page-by-page,https://en.wikipedia.org/wiki/Amazon_Kindle
.kfx,Amazon KFX 2/3 e-book,KFX v2/v3;IMAGIN;CSS3;SVG;fixed-layout;audio,https://en.wikipedia.org/wiki/Amazon_Kindle
.epub,Electronic Publication (IDPF) open e-book,EPUB 2.0.1/3.0/3.2 (now W3C);OPDS;reflowable/fixed;zip+XML+HTML,https://en.wikipedia.org/wiki/EPUB
.fb2,FictionBook e-book,FictionBook 2/2.1;XML;XSLT stylesheet;Russian origin,https://en.wikipedia.org/wiki/FictionBook
.lit,Microsoft LIT e-book (DRMed),Microsoft Reader LIT;DRM;legacy,https://en.wikipedia.org/wiki/Microsoft_Reader
.lrf,Portable Reader File (Sony),LRF;Sony LRF/LRS;legacy Sony Reader,https://en.wikipedia.org/wiki/BBeB
.lrs,Portable Reader File (Sony XML),LRS/LRF;Sony Reader;XML variant,https://en.wikipedia.org/wiki/BBeB
.snb,S-NoteBook (Sumsung),S-NoteBook;Samsung;legacy e-reader,https://en.wikipedia.org/wiki/S-NoteBook
.tcr,Psion 3/EPOC book (TCR),Psion e-book;legacy;compressed,https://en.wikipedia.org/wiki/Psion
.rb,RB Rocket e-book (Kindle-compatible),RBS (.rb);PALM DOC;Rocket eBook,https://en.wikipedia.org/wiki/Rocket_eBook
.html5,HTML5 page (rare extension),HTML5;WHATWG;MIME text/html,https://en.wikipedia.org/wiki/HTML5
.css,Cascading Style Sheets (web styling),CSS 1/2.1/3/3+;W3C;@media;@keyframes,https://en.wikipedia.org/wiki/CSS
.scss,Sassy CSS (Sass indented),Sass .scss (SCSS);CSS superset;variables;mixins;Sass,https://en.wikipedia.org/wiki/Sass_(stylesheet_language)
.sass,Indented Sass,Sass .sass;indented;legacy;still supported,https://en.wikipedia.org/wiki/Sass_(stylesheet_language)
.less,Leaner Style Sheets (Bootstrap),Less.js;CSS superset;@variable;nested rules,https://en.wikipedia.org/wiki/Less_(stylesheet_language)
.stylus,Stylus CSS (Node.js),Stylus;Node.js;indented/verbose;@variable,https://en.wikipedia.org/wiki/Stylus_(stylesheet_language)
.c,C language source code,ANSI C/C11/C17/C23;ISO/IEC 9899;header .h,https://en.wikipedia.org/wiki/C_(programming_language)
.cc,C++ source code (C with classes extension),C++98/11/14/17/20/23;header .hh;common on Unix,https://en.wikipedia.org/wiki/C%2B%2B
.cp,C++ source code (rare extension),C++;pre-ANSI;UNIX,https://en.wikipedia.org/wiki/C%2B%2B
.cpp,C++ source code,ISO C++98/11/14/17/20/23;header .hpp;common on Windows,https://en.wikipedia.org/wiki/C%2B%2B
.cxx,C++ source code (alternate),C++ ISO/IEC 14882;header .hxx,https://en.wikipedia.org/wiki/C%2B%2B
.c++,C++ source (compilers accept),Same as .cpp;gcc/clang support,https://en.wikipedia.org/wiki/C%2B%2B
.h,C/C++ header file,C99/C11/C17 header;include guard,https://en.wikipedia.org/wiki/Header_file
.hpp,C++ header file,C++ header;.hpp extension,https://en.wikipedia.org/wiki/Header_file
.hxx,C++ header file (alternate),C++ header;rare,https://en.wikipedia.org/wiki/Header_file
.hh,C++ header file (common in C++/CLI),C++ header;Cowichan/Facebook Hack,https://en.wikipedia.org/wiki/Header_file
.inl,C++ inline file,Inline functions;templated code,https://en.wikipedia.org/wiki/Header_file
.m,Objective-C source code,ObjC;Objective-C 2.0+;Cocoa;macOS/iOS,https://en.wikipedia.org/wiki/Objective-C
.mm,Objective-C++ source code,ObjC++;.mm extension;Mixes ObjC and C++,https://en.wikipedia.org/wiki/Objective-C%2B%2B
.go,Go language source,Go 1.0+;Google Go;package main,https://en.wikipedia.org/wiki/Go_(programming_language)
.rs,Rust source code,Rust 2015/2018/2021/2024;cargo package,https://en.wikipedia.org/wiki/Rust_(programming_language)
.rlib,Rust static library,Rust compiler;rlib;crate linkage,https://en.wikipedia.org/wiki/Rust_(programming_language)
.swift,Swift source code,Swift 1.0-5+;Xcode;LLVM;Apple,https://en.wikipedia.org/wiki/Swift_(programming_language)
.java,Java source code,Java 1.0-21;Oracle;package;class,https://en.wikipedia.org/wiki/Java_(programming_language)
.kt,Kotlin source code,Kotlin 1.0-2.0;JetBrains;Android,https://en.wikipedia.org/wiki/Kotlin_(programming_language)
.kts,Kotlin script,KR file with Kotlin script;top-level code,https://en.wikipedia.org/wiki/Kotlin_(programming_language)
.scala,Scala source code,Scala 2.x/3.x;JVM;Object/Func,https://en.wikipedia.org/wiki/Scala_(programming_language)
.sc,Scala 3 source (Scala 3),Scala 3;.sc;top-level definitions,https://en.wikipedia.org/wiki/Scala_(programming_language)
.clj,Clojure source code,Clojure 1.0-1.11;JVM;persistent data,https://en.wikipedia.org/wiki/Clojure
.cljs,ClojureScript source code,ClojureScript;JavaScript target,https://en.wikipedia.org/wiki/ClojureScript
.cljc,Clojure/ClojureScript reader,Clojure/ClojureScript reader conditional,https://en.wikipedia.org/wiki/Clojure
.edn,Extensible Data Notation (Clojure),EDN tagged data;Clojure,https://en.wikipedia.org/wiki/Clojure
.py,Python source code,Python 2.7/3.x;.py;PEP 8 style,https://en.wikipedia.org/wiki/Python_(programming_language)
.py3,Python 3 source (rare),Python 3;rare,https://en.wikipedia.org/wiki/Python_(programming_language)
.pyw,Python Windows GUI script,Python;pythonw.exe;no console,https://en.wikipedia.org/wiki/Python_(programming_language)
.pyc,Python compiled bytecode,Python .pyc;PEP 552;magic numbers;zlib,https://en.wikipedia.org/wiki/Python_(programming_language)
.pyo,Python optimized bytecode (deprecated),Python 2.x optimized;removed in 3.5,https://en.wikipedia.org/wiki/Python_(programming_language)
.pyd,Python Windows DLL module,Python .pyd;Win32 DLL;ctypes,https://en.wikipedia.org/wiki/Python_(programming_language)
.ipynb,Jupyter notebook JSON,nbformat v2/v3/v4 (Jupyter);Python/R/Julia;cell,https://en.wikipedia.org/wiki/IPython
.rmd,R Markdown document,R Markdown;knitr;pandoc,https://en.wikipedia.org/wiki/R_(programming_language)
.qmd,Quarto Markdown document,Quarto 1.x;multi-language;pandoc,https://en.wikipedia.org/wiki/Quarto_(software)
.org,Org-mode document,Emacs Org-mode;outlines;TODOs;literate,https://en.wikipedia.org/wiki/Org-mode
.jl,Julia source code,Julia 1.0+;.jl;Julia-Lang,https://en.wikipedia.org/wiki/Julia_(programming_language)
.js,JavaScript source code,ECMAScript 1-13+;Node.js;browser,https://en.wikipedia.org/wiki/JavaScript
.mjs,JavaScript ES module,ECMAScript module;Node;browser,https://en.wikipedia.org/wiki/JavaScript
.cjs,CommonJS module,CommonJS;Node.js;require/module.exports,https://en.wikipedia.org/wiki/CommonJS
.ts,TypeScript source code,TypeScript 1.0-5+;Microsoft;transpiled,https://en.wikipedia.org/wiki/TypeScript
.tsx,TypeScript with JSX,React TSX;transpiled,https://en.wikipedia.org/wiki/TypeScript
.jsx,JavaScript with JSX,React JSX;.jsx;Babel/SWC,https://en.wikipedia.org/wiki/JSX_(JavaScript)
.coffee,CoffeeScript source code,CoffeeScript 1.x/2.x;transpiled to JS,https://en.wikipedia.org/wiki/CoffeeScript
.dart,Dart source code,Dart 1-3+;Flutter;JIT/AOT,https://en.wikipedia.org/wiki/Dart_(programming_language)
.lua,Lua source code,Lua 5.0-5.4;.lua;lpeg/lfs,https://en.wikipedia.org/wiki/Lua_(programming_language)
.luac,Lua compiled bytecode,Lua 5.x chunk;luac,https://en.wikipedia.org/wiki/Lua_(programming_language)
.r,R language source code,R 3.x/4.x;.R;CRAN,https://en.wikipedia.org/wiki/R_(programming_language)
.R,R language source code (capital extension),Same as .r,https://en.wikipedia.org/wiki/R_(programming_language)
.rmd,R Markdown variant,Same as .Rmd,https://en.wikipedia.org/wiki/R_Markdown
.awk,AWK script,AWK;gawk;mawk,https://en.wikipedia.org/wiki/AWK
.sed,Stream Editor script,POSIX sed;-e/-f,https://en.wikipedia.org/wiki/Sed
.pl,Perl source code,Perl 5/5.32+;Raku/.pl6,https://en.wikipedia.org/wiki/Perl
.pm,Perl module,Perl 5 module;package,https://en.wikipedia.org/wiki/Perl_module
.t,Perl test,Perl test file;Test::More,https://en.wikipedia.org/wiki/Perl
.sh,Shell script (Bourne/bash),POSIX sh;bash;dash,https://en.wikipedia.org/wiki/Shell_script
.bash,Bash shell script,Bash 3.x/4.x/5.x;shebang,https://en.wikipedia.org/wiki/Bash_(Unix_shell)
.zsh,Z shell script,Zsh 5.x;prezto/oh-my-zsh,https://en.wikipedia.org/wiki/Z_shell
.fish,Fish shell script,Fish 3.x;friendly interactive shell,https://en.wikipedia.org/wiki/Fish_(Unix_shell)
.csh,C shell script,Csh/tcsh;legacy,https://en.wikipedia.org/wiki/C_shell
.ps1,PowerShell script,Windows PowerShell 5.1;PowerShell 7;cross-platform,https://en.wikipedia.org/wiki/PowerShell
.psm1,PowerShell module,PowerShell 5/7;export-module,https://en.wikipedia.org/wiki/PowerShell
.psd1,PowerShell data file (manifest),PowerShell manifest;@{} data,https://en.wikipedia.org/wiki/PowerShell
.psv1,PowerShell v1 script,Old PowerShell format,https://en.wikipedia.org/wiki/PowerShell
.bat,Windows batch file,MS-DOS/Windows CMD;legacy,https://en.wikipedia.org/wiki/Batch_file
.cmd,Windows command script,Windows NT CMD;NT-style,https://en.wikipedia.org/wiki/Batch_file
.vbs,VBScript file,VBScript;Windows Script Host,https://en.wikipedia.org/wiki/VBScript
.vbe,VBScript Encoded,VBScript encoded (encoded; decode to read),https://en.wikipedia.org/wiki/VBScript
.jse,JScript Encoded file,JScript Encoded;Windows Script Host,https://en.wikipedia.org/wiki/JScript
.wsf,Windows Script File,XML;mixed VBScript/JScript,https://en.wikipedia.org/wiki/Windows_Script_Host
.wsh,Windows Script Host settings,WSCript;Windows Script Host configuration,https://en.wikipedia.org/wiki/Windows_Script_Host
.hta,HTML Application (Microsoft HTA),HTML+IE/HTA runtime;deprecated,https://en.wikipedia.org/wiki/HTML_Application
.php,PHP source code,PHP 5/7/8;Hypertext Preprocessor,https://en.wikipedia.org/wiki/PHP
.phtml,PHP HTML template (older),PHP HTML;legacy extension,https://en.wikipedia.org/wiki/PHP
.php3,PHP 3 source,PHP 3;legacy,https://en.wikipedia.org/wiki/PHP
.php4,PHP 4 source,PHP 4;legacy,https://en.wikipedia.org/wiki/PHP
.php5,PHP 5 source,PHP 5;legacy,https://en.wikipedia.org/wiki/PHP
.phps,PHP source (highlighted),PHP source with syntax highlighting,https://en.wikipedia.org/wiki/PHP
.rb,Ruby source code,Ruby 1.8-3.x;YARV,https://en.wikipedia.org/wiki/Ruby_(programming_language)
.erb,Embedded Ruby template,Ruby ERB templating,https://en.wikipedia.org/wiki/ERuby
.gemspec,Ruby gem specification,Ruby Gems;gemspec,https://en.wikipedia.org/wiki/RubyGems
.hs,Haskell source code,Haskell 98/2010;GHC;Monad,https://en.wikipedia.org/wiki/Haskell_(programming_language)
.mli,OCaml interface signature,OCaml ML interface,https://en.wikipedia.org/wiki/OCaml
.ml,OCaml source code,OCaml 4.x/5.x;Jane Street,https://en.wikipedia.org/wiki/OCaml
.ex,Erlang source code,Erlang OTP 23-27;BEAM;concurrency,https://en.wikipedia.org/wiki/Erlang_(programming_language)
.exs,Elixir source code,Elixir 1.x;Erlang VM,https://en.wikipedia.org/wiki/Elixir_(programming_language)
.exx,Elixir script (rare),Elixir script,https://en.wikipedia.org/wiki/Elixir_(programming_language)
.erl,Erlang module,Erlang OTP;module,https://en.wikipedia.org/wiki/Erlang_(programming_language)
.eex,Embedded Elixir template,Elixir Phoenix;.eex,https://en.wikipedia.org/wiki/Phoenix_(web_framework)
.elm,Elm source code,Elm 0.19;Functional reactive,https://en.wikipedia.org/wiki/Elm_(programming_language)
.fs,F# source code,F# 4/5/6;.fs;ML;Mono,https://en.wikipedia.org/wiki/F_Sharp_(programming_language)
.fsi,F# signature file,F# interface;ML module,https://en.wikipedia.org/wiki/F_Sharp_(programming_language)
.fsx,F# script file,F# scripting;F# Interactive,https://en.wikipedia.org/wiki/F_Sharp_(programming_language)
.vb,Visual Basic .NET source code,VB.NET 7.0-7.1;Roslyn,https://en.wikipedia.org/wiki/Visual_Basic_.NET
.vbs,Visual Basic Script,VBScript;legacy,https://en.wikipedia.org/wiki/VBScript
.cshtml,Razor C# template,ASP.NET Razor;.cshtml,https://en.wikipedia.org/wiki/ASP.NET_Razor
.vbhtml,Razor VB.NET template,ASP.NET Razor;.vbhtml,https://en.wikipedia.org/wiki/ASP.NET_Razor
.asp,Active Server Pages (legacy),Classic ASP;.asp;legacy IIS,https://en.wikipedia.org/wiki/Active_Server_Pages
.aspx,ASP.NET page,ASP.NET Web Forms;.aspx,https://en.wikipedia.org/wiki/ASP.NET
.jsp,JavaServer Pages (J2EE),JSP;Apache Tomcat;Servlet,https://en.wikipedia.org/wiki/Jakarta_Server_Pages
.jspx,JavaServer Pages XML syntax,JSPX;XML JSP,https://en.wikipedia.org/wiki/Jakarta_Server_Pages
.sql,Structured Query Language script,SQL DDL/DML/DCL;ANSI SQL,https://en.wikipedia.org/wiki/SQL
.plsql,PL/SQL script,PL/SQL Oracle 12c/19c/21c,https://en.wikipedia.org/wiki/PL/SQL
.plb,PL/SQL package body,Oracle PL/SQL,https://en.wikipedia.org/wiki/PL/SQL
.pks,PL/SQL package spec,Oracle PL/SQL,https://en.wikipedia.org/wiki/PL/SQL
.pkb,PL/SQL package body binary,Oracle PL/SQL;legacy,https://en.wikipedia.org/wiki/PL/SQL
.pgsql,PostgreSQL SQL script,PostgreSQL 9-16+;psql,https://en.wikipedia.org/wiki/PostgreSQL
.tsql,T-SQL script,Microsoft SQL Server;T-SQL,https://en.wikipedia.org/wiki/Transact-SQL
.ddl,Data Definition Language script,SQL DDL;CREATE/ALTER/DROP,https://en.wikipedia.org/wiki/Data_Definition_Language
.dml,Data Manipulation Language script,SQL DML;SELECT/INSERT/UPDATE/DELETE,https://en.wikipedia.org/wiki/Data_Manipulation_Language
.graphql,GraphQL schema (Facebook),GraphQL SDL/Introspection,https://en.wikipedia.org/wiki/GraphQL
.gql,GraphQL query/script,GraphQL query language,https://en.wikipedia.org/wiki/GraphQL
.proto,Protocol Buffers schema,protobuf 2/3;Google,https://en.wikipedia.org/wiki/Protocol_Buffers
.thrift,Apache Thrift IDL,Thrift IDL;binary/compact/JSON,https://en.wikipedia.org/wiki/Apache_Thrift
.avro,Apache Avro schema/data,Avro 1.x;JSON schema;binary,https://en.wikipedia.org/wiki/Apache_Avro
.parquet,Apache Parquet columnar data,Parquet 1.x/2.x;columnar;big data;Hive/Impala/Spark,https://en.wikipedia.org/wiki/Apache_Parquet
.orc,Apache ORC columnar,Optimized Row Columnar;Hive;zlib/snappy,https://en.wikipedia.org/wiki/Apache_ORC
.feather,Feather (Apache Arrow) data,Feather v1/v2;Arrow IPC;columnar,https://en.wikipedia.org/wiki/Apache_Arrow
.arrows,Apache Arrow IPC,Arrow IPC;columnar;streaming,https://en.wikipedia.org/wiki/Apache_Arrow
.bson,Binary JSON (MongoDB),BSON 1.x;MongoDB,https://en.wikipedia.org/wiki/BSON
.mdb,Microsoft Access 2003 database,Access 2003/2007/2010/2013/2016/2019;Jet/ACE;MDE,https://en.wikipedia.org/wiki/Microsoft_Access
.accdb,Microsoft Access 2007+ database,Access 2007-365;ACCDB;VBA,https://en.wikipedia.org/wiki/Microsoft_Access
.accde,Access 2007+ compiled (no source),Access ACCDE;compile-only,https://en.wikipedia.org/wiki/Microsoft_Access
.accdt,Access 2007+ template,Access template,https://en.wikipedia.org/wiki/Microsoft_Access
.accdr,Access runtime,Access runtime,https://en.wikipedia.org/wiki/Microsoft_Access
.udl,Microsoft Universal Data Link,OLE DB;UDL,https://en.wikipedia.org/wiki/OLE_DB
.bib,BibTeX bibliography,BibTeX;LaTeX;Mendeley/Zotero,https://en.wikipedia.org/wiki/BibTeX
.bibtex,BibTeX file (alternate extension),Same as .bib;LaTeX bibliography,https://en.wikipedia.org/wiki/BibTeX
.ris,RIS bibliography format,RIS;EndNote/RefMan/ProCite,https://en.wikipedia.org/wiki/RIS_(file_format)
.enw,EndNote tagged format,EndNote tag;refman,https://en.wikipedia.org/wiki/EndNote
.endnote,EndNote library,EndNote library (.enl),https://en.wikipedia.org/wiki/EndNote
.isi,ISI Web of Science export,ISI export;Web of Science,https://en.wikipedia.org/wiki/Web_of_Science
.sav,SPSS data file,SPSS .sav (binary) and .zsav (zlib);IBM,https://en.wikipedia.org/wiki/SPSS
.dta,Stata dataset,Stata 8-18;.dta;Big Data,https://en.wikipedia.org/wiki/Stata
.mat,MATLAB data file,MATLAB v4/v5/v7.3 (HDF5);matrix,https://en.wikipedia.org/wiki/MATLAB
.fig,MATLAB figure (binary or XML),MATLAB .fig;handle graphics,https://en.wikipedia.org/wiki/MATLAB
.npy,NumPy array file,NumPy v1.0+;NPY v1;ASCII header,https://en.wikipedia.org/wiki/NumPy
.npz,NumPy compressed (zip) arrays,NumPy zlib;NPY in zip,https://en.wikipedia.org/wiki/NumPy
.h5,Hierarchical Data Format 5,HDF5 1.10/1.14;groups/datasets/attributes;chunked,https://en.wikipedia.org/wiki/HDF5
.hdf,Hierarchical Data Format 4 (legacy),HDF4;NCSA legacy,https://en.wikipedia.org/wiki/Hierarchical_Data_Format
.nc,NetCDF self-describing array,NetCDF-3/4;CF/Climate Forecast conventions,https://en.wikipedia.org/wiki/NetCDF
.nc4,NetCDF-4 (HDF5),NetCDF-4/HDF5;CF conventions,https://en.wikipedia.org/wiki/NetCDF
.grib,GRIB meteorological grid,GRIB1/GRIB2;WMO;binary,https://en.wikipedia.org/wiki/GRIB
.bil,Banded Interleaved by Line (raster),BIP/BIL/BSQ;ERDAS;multispectral,https://en.wikipedia.org/wiki/BIP_(file_format)
.bip,Banded Interleaved by Pixel,BIP;ERDAS;multispectral,https://en.wikipedia.org/wiki/BIP
.bsq,Banded Sequential,BSQ;ERDAS;multispectral,https://en.wikipedia.org/wiki/BSQ
.toc,Table of contents (multiple meanings),eBook TOC;SQL Server,https://en.wikipedia.org/wiki/Table_of_contents
.aux,LaTeX auxiliary file,LaTeX .aux;labels/refs/cites,https://en.wikipedia.org/wiki/LaTeX
.bbl,LaTeX bibliography output,BibTeX output;.bbl;LaTeX,https://en.wikipedia.org/wiki/BibTeX
.synctex,SyncTeX synchronization,SyncTeX zlib;TeX source↔PDF,https://en.wikipedia.org/wiki/SyncTeX
.synctex.gz,SyncTeX gzip-compressed,SyncTeX zlib/gzip,https://en.wikipedia.org/wiki/SyncTeX
.lof,LaTeX list of figures,LaTeX .lof,https://en.wikipedia.org/wiki/LaTeX
.lot,LaTeX list of tables,LaTeX .lot,https://en.wikipedia.org/wiki/LateX
.tdo,LaTeX todo notes,LaTeX todo;modified,https://en.wikipedia.org/wiki/LaTeX
.chm,Microsoft Compiled HTML Help,Microsoft CHM (HHCE);CompiledHelp;Microsoft,https://en.wikipedia.org/wiki/Microsoft_Compiled_HTML_Help
.hlp,Windows Help (legacy),WinHlp32.exe;legacy,https://en.wikipedia.org/wiki/WinHelp
.hl7,Health Level 7 message,HL7 v2.x/v3/FHIR;ASCII;EHR,https://en.wikipedia.org/wiki/Health_Level_7
.wsdl,Web Services Description Language,W3C WSDL 1.1/2.0;XML;SOAP,https://en.wikipedia.org/wiki/Web_Services_Description_Language
.rss,RSS syndication feed,RSS 0.91/2.0/2.0.1/Atom-like,https://en.wikipedia.org/wiki/RSS
.atom,Atom syndication feed,Atom 0.3/1.0;RFC 4287,https://en.wikipedia.org/wiki/Atom_(standard)
.kml,Keyhole Markup Language (Google Earth),KML 2.2/2.3;OGC;XML,https://en.wikipedia.org/wiki/Keyhole_Markup_Language
.kmz,KML Zipped,KMZ (zipped KML);Google Earth,https://en.wikipedia.org/wiki/Keyhole_Markup_Language
.gpx,GPS Exchange Format,GPX 1.0/1.1;XML;waypoint/track/route,https://en.wikipedia.org/wiki/GPS_Exchange_Format
.gml,Geography Markup Language (OGC),GML 3.x/4.x;XML,https://en.wikipedia.org/wiki/Geography_Markup_Language
.shp,ESRI Shapefile,ESRI Shapefile (.shp .shx .dbf);geospatial,https://en.wikipedia.org/wiki/Shapefile
.shx,ESRI Shapefile index,ESRI .shx shape index,https://en.wikipedia.org/wiki/Shapefile
.dbf,dBASE file,DBF III/IV/V;dBase;ESRI attribute,https://en.wikipedia.org/wiki/.dbf
.geojson,GeoJSON geographic features,RFC 7946;GeoJSON,https://en.wikipedia.org/wiki/GeoJSON
.topojson,TopoJSON topological geometry,TopoJSON;arcs;arcs,https://en.wikipedia.org/wiki/TopoJSON
.svg,GeoServer SVG export,SVG/GeoServer,https://en.wikipedia.org/wiki/Scalable_Vector_Graphics
.thmx,Microsoft Office theme file,OOXML theme;XML,https://en.wikipedia.org/wiki/Microsoft_Office_Open_XML
.stl,STL 3D print (also listed under 3D),STL ASCII/binary;3D printing,https://en.wikipedia.org/wiki/STL_(file_format)
.x3d,Extensible 3D (Web3D Consortium),X3D 3.0/3.1/4.0;XML;VRML successor,https://en.wikipedia.org/wiki/X3D
.wrl,VRML 97 (Virtual Reality Modeling Language),VRML 1.0/2.0/97;X3D successor,https://en.wikipedia.org/wiki/VRML
.xaml,SXAML/Silverlight XAML,XAML;Microsoft Silverlight/WPF,https://en.wikipedia.org/wiki/Extensible_Application_Markup_Language
.wpd,WordPerfect Document,WordPerfect 5-12;WPD,https://en.wikipedia.org/wiki/WordPerfect
.wp,WordPerfect document (legacy),WordPerfect 4-5,https://en.wikipedia.org/wiki/WordPerfect
.wps,Microsoft Works word processor,WPS;Microsoft Works;legacy,https://en.wikipedia.org/wiki/Microsoft_Works
.sxw,OpenOffice 1.0/OpenDocument text (legacy),OpenOffice 1.x;legacy;compressed XML,https://en.wikipedia.org/wiki/OpenDocument
.sxc,OpenOffice Calc 1.0 (legacy),OpenOffice 1.x;Calc,https://en.wikipedia.org/wiki/OpenDocument
.sxd,OpenOffice Draw 1.0 (legacy),OpenOffice 1.x;Draw,https://en.wikipedia.org/wiki/OpenDocument
.sxi,OpenOffice Impress 1.0 (legacy),OpenOffice 1.x;Impress,https://en.wikipedia.org/wiki/OpenDocument
.sxm,OpenOffice Math 1.0 (legacy),OpenOffice 1.x;Math,https://en.wikipedia.org/wiki/OpenDocument
.fodt,Flat ODT (uncompressed OpenDocument),FODT 1.3;single XML;LibreOffice flat,https://en.wikipedia.org/wiki/OpenDocument
.fods,Flat ODS,Flat ODS,https://en.wikipedia.org/wiki/OpenDocument
.fodp,Flat ODP,Flat ODP,https://en.wikipedia.org/wiki/OpenDocument
.fodg,Flat ODG,Flat ODG,https://en.wikipedia.org/wiki/OpenDocument
.otc,ODF chart template,ODF 1.3,https://en.wikipedia.org/wiki/OpenDocument
.xps,XML Paper Specification,Microsoft XPS 1.0;OOXML;Open XML;fixed-page,https://en.wikipedia.org/wiki/Open_XML_Paper_Specification
.oxps,Open XML Paper Specification (Windows 8+),OOXML;fixed page,https://en.wikipedia.org/wiki/Open_XML_Paper_Specification
.rels,OOXML relationships file,OOXML relationships;part links,https://en.wikipedia.org/wiki/Microsoft_Office_Open_XML
.txt,Plain text fallback,UTF-8/16,https://en.wikipedia.org/wiki/Text_file
.cbz,Comic Book Zip,See 1,https://en.wikipedia.org/wiki/Comic_book_archive
.cdt,CD-TEXT file or CorelDRAW template,CDT;Corel;templates,https://en.wikipedia.org/wiki/CorelDRAW
.cps,Corel Photo-Paint file,CPS;Corel,https://en.wikipedia.org/wiki/Corel
.fpx,FlashPix bitmap,FlashPix 1.0.2;HP/Kodak,https://en.wikipedia.org/wiki/FlashPix
.sgi,Silicon Graphics Image,Silicon Graphics 1-3;SGI IRIX,https://en.wikipedia.org/wiki/Silicon_Graphics_Image
.sgi2,SGI 2.0 (rare),SGI 2.0,https://en.wikipedia.org/wiki/Silicon_Graphics_Image
.yuv,YUV raw video frame,YUV/YV12;raw video frame,https://en.wikipedia.org/wiki/YUV
.yam,YAML document (rare),YAML 1.2,https://en.wikipedia.org/wiki/YAML
.tmx,Tiled Map Editor XML,TMX 1.4/1.8;XML,https://en.wikipedia.org/wiki/Tiled_(software)
.tmx,Map; XML-based,tiled,https://en.wikipedia.org/wiki/Tiled_(software)
.tiled,Map editor file (rare),Tiled XML,https://en.wikipedia.org/wiki/Tiled_(software)
.lxproj,LX Studio project (legacy DAW),LXP;Audacity-LAMH,https://en.wikipedia.org/wiki/Audacity
.aup,Audacity project,AUP3;XML;Audacity 3,https://en.wikipedia.org/wiki/Audacity
.aup3,Audacity 3 project,AUP3 db;SQLite;Audacity 3,https://en.wikipedia.org/wiki/Audacity
.nb,Mathematica notebook (legacy),Notebook;Mathematica 5-12,https://en.wikipedia.org/wiki/Wolfram_Mathematica
.cdf,Common Data Format (NASA),CDF;Common Data Format,https://en.wikipedia.org/wiki/Common_Data_Format
.netcdf,NetCDF text header,NetCDF,https://en.wikipedia.org/wiki/NetCDF
.dxf,Drawing Interchange,DXF ASCII,https://en.wikipedia.org/wiki/AutoCAD_DXF
.dwg,AutoCAD DWG,DWG,https://en.wikipedia.org/wiki/AutoCAD
.wks,Microsoft Works spreadsheet,Microsoft Works;WKS,https://en.wikipedia.org/wiki/Microsoft_Works
.wdb,Microsoft Works database,WDB;Microsoft Works,https://en.wikipedia.org/wiki/Microsoft_Works
.wbk,Microsoft Works backup,WBK;Works,https://en.wikipedia.org/wiki/Microsoft_Works
.docxzip,OOXML zip container (rare),OOXML zip;rare,https://en.wikipedia.org/wiki/Microsoft_Office_Open_XML
.oxps,XPS open document,OOXML XPS,https://en.wikipedia.org/wiki/Open_XML_Paper_Specification
.dwt,AutoCAD template,AutoCAD template,https://en.wikipedia.org/wiki/AutoCAD
.dwg,DWG binary;CAD,DWG,https://en.wikipedia.org/wiki/AutoCAD
.geb,Geneious sequence (biotechnology),Geneious;biotech,https://en.wikipedia.org/wiki/Geneious
.bam,Sequence Alignment Map (binary),BAM 1.x;SAM binary,https://en.wikipedia.org/wiki/SAM_(file_format)
.sam,Sequence Alignment Map (text),SAM 1.6;SAM/BAM,https://en.wikipedia.org/wiki/SAM_(file_format)
.fq,FastQ sequence reads,FastQ;Sanger/Illumina,https://en.wikipedia.org/wiki/FASTQ_format
.fasta,FASTA sequence,FASTA;BLAST,https://en.wikipedia.org/wiki/FASTA_format
.fa,FASTA alternate extension,FASTA,https://en.wikipedia.org/wiki/FASTA_format
.fna,FASTA nucleic acid,FASTA nucleic,https://en.wikipedia.org/wiki/FASTA_format
.ffn,FASTA nucleotide coding regions,FASTA nuc,https://en.wikipedia.org/wiki/FASTA_format
.gb,GenBank flat file,GenBank,https://en.wikipedia.org/wiki/GenBank
.gbk,GenBank flat file (alternate),GenBank,https://en.wikipedia.org/wiki/GenBank
.gff,General Feature Format,GFF 2/3 (GFF3),https://en.wikipedia.org/wiki/General_feature_format
.gtf,Gene Transfer Format,GTF 2.5;Ensembl,https://en.wikipedia.org/wiki/Gene_transfer_format
.vcf,Variant Call Format,VCF 4.x;VCF,https://en.wikipedia.org/wiki/Variant_Call_Format
.bcf,Binary VCF,BCF 2;VCF binary,https://en.wikipedia.org/wiki/Variant_Call_Format
.abi,Applied Biosystems trace file,ABIF;DNA sequencer trace,https://en.wikipedia.org/wiki/Applied_Biosystems
.scf,Standard Chromatogram Format,SCF 3.0,https://en.wikipedia.org/wiki/Standard_chromatogram_format
.cif,Crystallographic Information File,CIF 1.1;mmCIF;Crystallography,https://en.wikipedia.org/wiki/Crystallographic_Information_File
.mcif,Macromolecular CIF,mmCIF;protein;X-ray,https://en.wikipedia.org/wiki/Crystallographic_Information_File
.pdb,Protein Data Bank,PDB v3.x;macromolecular,https://en.wikipedia.org/wiki/Protein_Data_Bank_(file_format)
.xyz,XYZ chemical structure,XYZ chemistry,https://en.wikipedia.org/wiki/XYZ_file_format
.sdf,Structure Data File,SDF 2004-2014;MDL/CTfile,https://en.wikipedia.org/wiki/Chemical_Table_File
.smi,SMILES string,SMILES,https://en.wikipedia.org/wiki/Simplified_molecular-input_line-entry_system
.inchi,InChI chemical identifier,InChI v1;InChIKey,https://en.wikipedia.org/wiki/International_Chemical_Identifier
.mol,MDL Molfile,MOL 2004;CTfile,https://en.wikipedia.org/wiki/MDL_CTfile
